SITE_SOURCE_ID;SITE_NAME;WEB_IMAGES;IMAGE_COUNT;SOURCE_PDFS
drive-19425655a763;Liang Bua;/iiif/manifests/sites/drive-19425655a763.json;6;Brumm_MoviusLine_Paleolithic.pdf | First Islanders Prehistory and Human Migration in Island Southeast Asia by Peter Bellwood (z-lib.org).pdf | OnoPawlik2024_ThePrehistoryofHumanMigration_IntechOpen_105160.pdf | Lembah Walanae.pdf | From Arabia to the Pacific How Our Species Colonised Asia (Robin Dennell) (z-lib.org).pdf
drive-ae4e74bc5697;Leang Burung;/iiif/manifests/sites/drive-ae4e74bc5697.json;6;archaeologysulawesi.pdf | Archaeology in Oceania - 2022 - Perston - Stone‐flaking technology at Leang Bulu Bettue  South Sulawesi  Indonesia.pdf | Brumm_MoviusLine_Paleolithic.pdf | ToaleanSSulawesi.pdf | Toalean_SSul.pdf
drive-a771faf3aea7;Gua Harimau;/iiif/manifests/sites/drive-a771faf3aea7.json;6;HomininDiversity_WestIndonesia.pdf | The-Excavation-of-Gua-Harimau-s-Western-Gallery--A-Contribution-_2023_L-Anth.pdf | First Islanders Prehistory and Human Migration in Island Southeast Asia by Peter Bellwood (z-lib.org).pdf | DiasporaMelanesiaNusantara.pdf | s41598-018-35426-z.pdf | Bioarchaeology of Southeast Asia (Marc Oxenham, Nancy Tayles) (z-lib.org).pdf
drive-073f28cd7530;Leang Sarru;/iiif/manifests/sites/drive-073f28cd7530.json;6;Emergence and Diversity of Modern Human Behavior in Paleolithic Asia (Yousuke Kaifu, Masami Izuho, Ted Goebel etc.) (z-lib.org).pdf | LeangSarru_Pleistocene.pdf | Fuentesetal.Technological.pdf | OnoPawlik2024_ThePrehistoryofHumanMigration_IntechOpen_105160.pdf | SulawesiToolTech.pdf | WallaceaHumanMigration.pdf
drive-75055ad250a1;Gua Pawon;/iiif/manifests/sites/drive-75055ad250a1.json;5;HomininDiversity_WestIndonesia.pdf | Warisan Budaya Maritim Nusantara by Supratikno Rahardjo, Nies Anggraeni, Titi Surti Nastiti, Wiwin Djuwita Ramelan (z-lib.org).pdf | First Islanders Prehistory and Human Migration in Island Southeast Asia by Peter Bellwood (z-lib.org).pdf | 88724-2.pdf | OnoPawlik2024_ThePrehistoryofHumanMigration_IntechOpen_105160.pdf
drive-5acc5ee05e10;Gua Braholo;/iiif/manifests/sites/drive-5acc5ee05e10.json;6;HomininDiversity_WestIndonesia.pdf | DiasporaMelanesiaNusantara.pdf | The Routledge handbook of bioarchaeology in Southeast Asia and the Pacific Islands (Buckley, HallieOxenham, Marc) (z-lib.org).pdf | First Islanders Prehistory and Human Migration in Island Southeast Asia by Peter Bellwood (z-lib.org).pdf | GuaMapkan_Alor.pdf | Holocene_BurialPractice_AlorIsland.pdf
drive-6b0234972053;Liang Abu;/iiif/manifests/sites/drive-6b0234972053.json;6;LiangAbu_KimanisRockshelters_Borneo.pdf | LaingAbu_Kalimantan_500ADPottery.pdf | Plutniak-etal_2014_new-ceramic-data-from-east-kalimantan.pdf | Indonesian_LithicProduction.pdf | crandell,+Journal+editor,+Forestier+etal+1+-+ver+1.10+-READY.pdf
drive-37f70f4ecdfe;Gua Pra;/iiif/manifests/sites/drive-37f70f4ecdfe.json;6;Borneo_Menyingkap_gua_prasejarah.pdf
drive-755026e520f2;Leang Bulu Bettue;/iiif/manifests/sites/drive-755026e520f2.json;6;Archaeology in Oceania - 2022 - Perston - Stone‐flaking technology at Leang Bulu Bettue  South Sulawesi  Indonesia.pdf | PleistoceneHSapSulawesi.pdf | homoSap_SSul.pdf | StoneQuarry_Bomboro_Maros.pdf | ToaleanSSulawesi.pdf | LeangBattiCave_Holocene_Sulawesi.pdf
drive-c5786b519b14;Liang Lemdubu;/iiif/manifests/sites/drive-c5786b519b14.json;6;The Routledge handbook of bioarchaeology in Southeast Asia and the Pacific Islands (Buckley, HallieOxenham, Marc) (z-lib.org).pdf | Emergence and Diversity of Modern Human Behavior in Paleolithic Asia (Yousuke Kaifu, Masami Izuho, Ted Goebel etc.) (z-lib.org).pdf | SpriggsetalThreeSeasonsAruIslandsch0419.pdf | preEmergence and Diversity of Modern Human Behavior in Paleolithic Asia (Yousuke Kaifu, Masami Izuho, Ted Goebel etc.) (z-lib.org).pdf | DiasporaMelanesiaNusantara.pdf | GoaTopogaro_Sulawesi_Holocene_BoneLithic.pdf
drive-e615a2a04268;Leang Buidane;/iiif/manifests/sites/drive-e615a2a04268.json;6;spiceislands.pdf | BronzeArt_Bali.pdf | First Islanders Prehistory and Human Migration in Island Southeast Asia by Peter Bellwood (z-lib.org).pdf | b20535351-Anggraeni_.pdf | BurialJarTradition.pdf | Terminal Pleistoceneand Holocene Population Historyof Java_SongKeplek.pdf
drive-753fc66a7f74;Laili Cave;/iiif/manifests/sites/drive-753fc66a7f74.json;6;Oldest_human_occupation_of_Wallacea_at_Laili_Cave_.pdf | localityInfoPDFLaili_Cave.pdf | Atambua_WestTimor_Paleoenvironment.pdf | GoaTopogaro_pleistocene_Sulawesi_AMHdispersalroutes.pdf | WallaceaHumanMigration.pdf | Early modern human migration into Sulawesi and Island adaptation in Wallacea.pdf
drive-ff822645648d;Gua Kidang;;0;HomininDiversity_WestIndonesia.pdf | RembangKarstCaves.pdf | 125988184.pdf | 1431-Article Text-7111-2-10-20230212.pdf | 2020KaharudinetalIndoCaves.pdf | ListCavesRockshelters.pdf
drive-eb6647c752de;Liang Jon;/iiif/manifests/sites/drive-eb6647c752de.json;6;Beads Kalimantan.pdf | Borneo_Menyingkap_gua_prasejarah.pdf | Plutniak-etal_2014_new-ceramic-data-from-east-kalimantan.pdf | EKalimantan_CavesMesolithicBurials.pdf | Indonesian_LithicProduction.pdf
drive-13fdd8f0fc49;Gua Siti Nafisah;/iiif/manifests/sites/drive-13fdd8f0fc49.json;6;spiceislands.pdf | GuaSitiNafisah_Halmahera.pdf | GuaSitiHalmahera.pdf | Moluccas_BoneShells.pdf | Observations_on_the_Northern_Moluccan_excavated_an.pdf | First Islanders Prehistory and Human Migration in Island Southeast Asia by Peter Bellwood (z-lib.org).pdf
drive-448961f61296;Liang Toge;/iiif/manifests/sites/drive-448961f61296.json;6;WajakSkulls.pdf | Heereken_StoneAgeofIndonesia.pdf | Bioarchaeology of Southeast Asia (Marc Oxenham, Nancy Tayles) (z-lib.org).pdf | Alor Island_PleistoceneCranial.pdf | Alor_Pleistocene_HumanSkull.pdf
drive-41456ec323dc;Gua Tewet;/iiif/manifests/sites/drive-41456ec323dc.json;6;Borneo_Menyingkap_gua_prasejarah.pdf | BorneoRockArt.pdf | First Islanders Prehistory and Human Migration in Island Southeast Asia by Peter Bellwood (z-lib.org).pdf
drive-5c497d96037b;Goa Topogaro;/iiif/manifests/sites/drive-5c497d96037b.json;6;OnoPawlik2024_ThePrehistoryofHumanMigration_IntechOpen_105160.pdf | GoaTopogaro_pleistocene_Sulawesi_AMHdispersalroutes.pdf | 89412-2.pdf | GoaTopogaro_Sulawesi_Holocene_BoneLithic.pdf | The_Archaeology_of_Island_Colonization_Global_Appr..._----_(Part_III._Regional_Case_Studies).pdf | Early modern human migration into Sulawesi and Island adaptation in Wallacea.pdf
drive-f7905e079aef;Leang Batti;/iiif/manifests/sites/drive-f7905e079aef.json;6;LeangBattiCave_Holocene_Sulawesi.pdf | admin,+3_EN_585-Article+Text-2993+SN(1).pdf | Butta Toa.pdf | ToaleanSSulawesi.pdf
drive-6c828d5c3f7d;Gua Mo'o hono;;0;
drive-6ede0bfd68eb;Gua Lawa / Lowo;;0;
drive-41129973e215;Gua Babi;/iiif/manifests/sites/drive-41129973e215.json;6;Indonesian_LithicProduction.pdf | crandell,+Journal+editor,+Forestier+etal+1+-+ver+1.10+-READY.pdf | productionslithiquesarchipelindonésien.pdf | SaHuynh-KalanayPottery.pdf | Plutniak-etal_2014_new-ceramic-data-from-east-kalimantan.pdf
drive-0c1a308a329c;Leang Tedongnge;/iiif/manifests/sites/drive-0c1a308a329c.json;6;Uncovering the chemistry of color change in rock art in Leang Tedongnge.pdf | localityInfoPDFLeang_Tedongnge.pdf | s41467-024-48395-x.pdf
drive-a09fdd3c9651;Gua Prasejarah;/iiif/manifests/sites/drive-a09fdd3c9651.json;6;PELESTARIAN_GUA-GUA_PRASEJARAH_DI_KAWASAN_KARST_SA.pdf | document (2).pdf | archaeologysulawesi.pdf | CultureHistoryToaleanSSul.pdf
drive-15be34dee062;Gua Masri;/iiif/manifests/sites/drive-15be34dee062.json;6;Borneo_Menyingkap_gua_prasejarah.pdf | BorneoRockArt.pdf
drive-4878a532a9e9;Leang T;/iiif/manifests/sites/drive-4878a532a9e9.json;3;spiceislands.pdf | archaeologysulawesi.pdf | DevelopmentofmarineandterrestrialresourceuseintheTalaudIslands.pdf | Moluccas_BoneShells.pdf | Observations_on_the_Northern_Moluccan_excavated_an.pdf | tlij7Y-ch17.pdf
drive-02f4388d8d65;Gua Talimbue;/iiif/manifests/sites/drive-02f4388d8d65.json;6;patterned_and_plain_baked_clay_from_prepottery_contexts_in_southeast_sulawesi_indonesia.pdf | archaeologysulawesi.pdf | sciadv.ady9493_sm.pdf | HoloceneOccupSulawesi.pdf | GuaMo'oHonoRcokshelter_SSul.pdf
drive-7bb7af52852b;Gua Ham;/iiif/manifests/sites/drive-7bb7af52852b.json;6;Borneo_Menyingkap_gua_prasejarah.pdf | BorneoRockArt.pdf | First Islanders Prehistory and Human Migration in Island Southeast Asia by Peter Bellwood (z-lib.org).pdf
drive-74e6c8c56acd;Mololo Cave;/iiif/manifests/sites/drive-74e6c8c56acd.json;6;An Archaeology of Waigeo (English).pdf | tlij7Y-ch17.pdf | Xhauflairetal2023.pdf | localityInfoPDFMololo_Cave.pdf
drive-f096488fa9d2;Leang Bulu’ Sipong;/iiif/manifests/sites/drive-f096488fa9d2.json;6;ToaleanSSulawesi.pdf | s41586-019-1806-y.pdf | Early modern human migration into Sulawesi and Island adaptation in Wallacea.pdf
drive-2cd524694e7d;Liang Lembudu;/iiif/manifests/sites/drive-2cd524694e7d.json;2;88724-2.pdf | NorthMaluku_PleistoceneHolocene_Caves.pdf | OnoPawlik2024_ThePrehistoryofHumanMigration_IntechOpen_105160.pdf | Alor Island_PleistoceneCranial.pdf | Alor_Pleistocene_HumanSkull.pdf | GuaMapkan_Alor.pdf
drive-00fd49b56d98;Liang Nabulei Lisa;/iiif/manifests/sites/drive-00fd49b56d98.json;6;SpriggsetalThreeSeasonsAruIslandsch0419.pdf | OnoPawlik2024_ThePrehistoryofHumanMigration_IntechOpen_105160.pdf | The Routledge handbook of bioarchaeology in Southeast Asia and the Pacific Islands (Buckley, HallieOxenham, Marc) (z-lib.org).pdf | GuaMapkan_Alor.pdf | Holocene_BurialPractice_AlorIsland.pdf | 88724-2.pdf
drive-a7e3653ee955;Liang Kaung;/iiif/manifests/sites/drive-a7e3653ee955.json;6;Borneo_Menyingkap_gua_prasejarah.pdf | Plutniak-etal_2014_new-ceramic-data-from-east-kalimantan.pdf | BorneoRockArt.pdf | DiangKaung_DiangBalu_Kalimantan_15000yrrockshelters.pdf
drive-8b48fa46f3f6;Leang Pattae;/iiif/manifests/sites/drive-8b48fa46f3f6.json;6;Heereken_StoneAgeofIndonesia.pdf | SSulawesiHolocene_Bulbeck.pdf | CultureHistoryToaleanSSul.pdf | UluLeang_Maros.pdf | arch_0044-8613_1976_num_11_1_1271.pdf
drive-90e3cbb632ef;Liang Momer;/iiif/manifests/sites/drive-90e3cbb632ef.json;6;WajakSkulls.pdf | Bioarchaeology of Southeast Asia (Marc Oxenham, Nancy Tayles) (z-lib.org).pdf | 2008-ASJ-Homo-floresiensis.pdf | Alor Island_PleistoceneCranial.pdf | Alor_Pleistocene_HumanSkull.pdf | Heereken_StoneAgeofIndonesia.pdf
drive-5b2606c1df9e;Gua Tengkorak;/iiif/manifests/sites/drive-5b2606c1df9e.json;6;Borneo_Menyingkap_gua_prasejarah.pdf | First Islanders Prehistory and Human Migration in Island Southeast Asia by Peter Bellwood (z-lib.org).pdf | 1683-Article Text-6076-1-10-20220825.pdf | HoloceneOccupSulawesi.pdf | archaeologysulawesi.pdf
drive-af61b47f6b6f;Leang Sarru Rockshelter;;0;Emergence and Diversity of Modern Human Behavior in Paleolithic Asia (Yousuke Kaifu, Masami Izuho, Ted Goebel etc.) (z-lib.org).pdf | NMaluku_MetalAge_Pottery.pdf | The_Archaeology_of_Island_Colonization_Global_Appr..._----_(Part_III._Regional_Case_Studies).pdf | archaeologysulawesi.pdf | spiceislands.pdf | 88665-2.pdf
drive-27102cae3a5b;Gua Mardua;/iiif/manifests/sites/drive-27102cae3a5b.json;6;Borneo_Menyingkap_gua_prasejarah.pdf
drive-e39194d097f2;Leang Buida;/iiif/manifests/sites/drive-e39194d097f2.json;6;archaeologysulawesi.pdf | DevelopmentofmarineandterrestrialresourceuseintheTalaudIslands.pdf | 05+Kalpataru+2023+Ipak+hal+149-162.pdf | sulawesi_symposium_program_.pdf
drive-a30daa54dc7c;Leang Codong;/iiif/manifests/sites/drive-a30daa54dc7c.json;6;SSulawesiHolocene_Bulbeck.pdf | Lembah Walanae.pdf | Butta Toa.pdf | Bioarchaeology of Southeast Asia (Marc Oxenham, Nancy Tayles) (z-lib.org).pdf | BurialJarTradition.pdf | CultureHistoryToaleanSSul.pdf
drive-ba5ca7c55a2c;Leang Panninge;/iiif/manifests/sites/drive-ba5ca7c55a2c.json;6;s41586-021-03823-6.pdf | ToaleanSSulawesi.pdf | 88724-2.pdf | OnoPawlik2024_ThePrehistoryofHumanMigration_IntechOpen_105160.pdf | ch04.pdf
drive-b8fd4036dd52;Gua Sambangoala;;0;archaeologysulawesi.pdf | HoloceneOccupSulawesi.pdf | 2020KaharudinetalIndoCaves.pdf | GuaMo'oHonoRcokshelter_SSul.pdf | ListCavesRockshelters.pdf | patterned_and_plain_baked_clay_from_prepottery_contexts_in_southeast_sulawesi_indonesia.pdf
drive-b549ec6dda5a;Gua Tamrin;/iiif/manifests/sites/drive-b549ec6dda5a.json;6;Borneo_Menyingkap_gua_prasejarah.pdf | BorneoRockArt.pdf | First Islanders Prehistory and Human Migration in Island Southeast Asia by Peter Bellwood (z-lib.org).pdf
drive-5e8b12de1d0e;Liang Pemalawan;/iiif/manifests/sites/drive-5e8b12de1d0e.json;6;Liang Pemalawan (en).pdf | Indonesian_LithicProduction.pdf | LaingAbu_Kalimantan_500ADPottery.pdf | crandell,+Journal+editor,+Forestier+etal+1+-+ver+1.10+-READY.pdf | productionslithiquesarchipelindonésien.pdf
drive-48785f0cc425;Gua Lampetia;/iiif/manifests/sites/drive-48785f0cc425.json;4;Terminal Pleistoceneand Holocene Population Historyof Java_SongKeplek.pdf | archaeologysulawesi.pdf | BurialJarTradition.pdf | Traditions_of_Jars_as_Mortuary_Containers_in_the_I-2.pdf | Traditions_of_Jars_as_Mortuary_Containers_in_the_I.pdf | HoloceneOccupSulawesi.pdf
drive-8b6c8c5cd8a1;Leang Karassak;/iiif/manifests/sites/drive-8b6c8c5cd8a1.json;3;CultureHistoryToaleanSSul.pdf | archaeologysulawesi.pdf | 1969SSulawesiExped.pdf | HoloceneOccupSulawesi.pdf | Archaeology in Oceania - 2022 - Perston - Stone‐flaking technology at Leang Bulu Bettue  South Sulawesi  Indonesia.pdf
drive-ceaa19dc1abf;Liang Bangkai;/iiif/manifests/sites/drive-ceaa19dc1abf.json;6;Osteobiografi_Rangka_Manusia_Situs_Liang_Bangkai_1.pdf | 126000089.pdf | Gua Batu_Kalimantan.pdf | BukitBangkai_Mesolithic.pdf | ERA_BARU_DALAM_KEMITRAAN_PENGELOLAAN_CAGAR_BUDAYA_.pdf
drive-3790e9a45f76;Gua Metanduno;/iiif/manifests/sites/drive-3790e9a45f76.json;6;archaeologysulawesi.pdf | StencilsBoatsMunaIsland.pdf | Warisan Budaya Maritim Nusantara by Supratikno Rahardjo, Nies Anggraeni, Titi Surti Nastiti, Wiwin Djuwita Ramelan (z-lib.org).pdf | 2020OConnoretal.KisarRockart2JIPA.pdf
drive-736110748145;Gua Niah;/iiif/manifests/sites/drive-736110748145.json;6;DiasporaMelanesiaNusantara.pdf | SaHuynh-KalanayPottery.pdf | 1.+Semedo_galleys_300824.pdf | 426-Article Text-1636-6-10-20201211.pdf
drive-5833df2a1504;Leang Tuwo Mane’e;/iiif/manifests/sites/drive-5833df2a1504.json;3;First Islanders Prehistory and Human Migration in Island Southeast Asia by Peter Bellwood (z-lib.org).pdf | spiceislands.pdf | lapita_colonists_leave_boats_unburned_the_question_of_lapita_links_with_island_southeast_asia.pdf | 05+Kalpataru+2023+Ipak+hal+149-162.pdf | CultureHistoryToaleanSSul.pdf
drive-85cb2797132a;Song Terus Cave;/iiif/manifests/sites/drive-85cb2797132a.json;6;Emergence and Diversity of Modern Human Behavior in Paleolithic Asia (Yousuke Kaifu, Masami Izuho, Ted Goebel etc.) (z-lib.org).pdf | HomininDiversity_WestIndonesia.pdf | preEmergence and Diversity of Modern Human Behavior in Paleolithic Asia (Yousuke Kaifu, Masami Izuho, Ted Goebel etc.) (z-lib.org).pdf | First Islanders Prehistory and Human Migration in Island Southeast Asia by Peter Bellwood (z-lib.org).pdf | SongTerusDating.pdf | First_Islanders_Human_Origins_Patrimony 2.pdf
drive-4b1b3579a791;Gua Pondoa;;0;archaeologysulawesi.pdf | sulawesi_symposium_program_.pdf
drive-d633d51ff645;Leang Rakkoe;/iiif/manifests/sites/drive-d633d51ff645.json;6;LeangRakkoe_Maros_Tolean.pdf | ToaleanSSulawesi.pdf | StoneQuarry_Bomboro_Maros.pdf | s41586-021-03823-6.pdf
drive-007addb7d769;Leang Cave;;0;Butta Toa.pdf | 2020KaharudinetalIndoCaves.pdf | Balang Metti SiteLate Toalean Technology.pdf | Indonesian_LithicProduction.pdf | LeangBattiCave_Holocene_Sulawesi.pdf | LeangJarie_Maros_Toalean.pdf
drive-3006c386b315;Leang Karassa;/iiif/manifests/sites/drive-3006c386b315.json;6;Toalean_SSul.pdf | SSulawesiHolocene_Bulbeck.pdf | Heereken_StoneAgeofIndonesia.pdf | ToaleanSSulawesi.pdf | bulbeck-2008.pdf
drive-19a71abd3eca;Gua Pasaung;;0;archaeologysulawesi.pdf | HoloceneOccupSulawesi.pdf | Lembah Walanae.pdf | Butta Toa.pdf | 2020KaharudinetalIndoCaves.pdf | Enrekang_Sul.pdf
drive-e976a35c58bc;Gua Pominsa;/iiif/manifests/sites/drive-e976a35c58bc.json;6;archaeologysulawesi.pdf | StencilsBoatsMunaIsland.pdf | Warisan Budaya Maritim Nusantara by Supratikno Rahardjo, Nies Anggraeni, Titi Surti Nastiti, Wiwin Djuwita Ramelan (z-lib.org).pdf | 2020OConnoretal.KisarRockart2JIPA.pdf
drive-4e4223c887db;Gua Payung;/iiif/manifests/sites/drive-4e4223c887db.json;6;Gua Batu_Kalimantan.pdf | Indonesian_LithicProduction.pdf | crandell,+Journal+editor,+Forestier+etal+1+-+ver+1.10+-READY.pdf | productionslithiquesarchipelindonésien.pdf | Osteobiografi_Rangka_Manusia_Situs_Liang_Bangkai_1.pdf
drive-fba5d15c37bc;Liang Abu’s;/iiif/manifests/sites/drive-fba5d15c37bc.json;3;Plutniak-etal_2014_new-ceramic-data-from-east-kalimantan.pdf | LaingAbu_Kalimantan_500ADPottery.pdf | LiangAbu_KimanisRockshelters_Borneo.pdf | 2020KaharudinetalIndoCaves.pdf | DiangKaung_DiangBalu_Kalimantan_15000yrrockshelters.pdf | DiasporaMelanesiaNusantara.pdf
drive-3a6aa9f4f5ef;Liang Sara;/iiif/manifests/sites/drive-3a6aa9f4f5ef.json;6;Borneo_Menyingkap_gua_prasejarah.pdf | BorneoRockArt.pdf
drive-1d7a0ba53742;Gua Kabori;/iiif/manifests/sites/drive-1d7a0ba53742.json;6;archaeologysulawesi.pdf | StencilsBoatsMunaIsland.pdf | Warisan Budaya Maritim Nusantara by Supratikno Rahardjo, Nies Anggraeni, Titi Surti Nastiti, Wiwin Djuwita Ramelan (z-lib.org).pdf
drive-c5b3432f2a46;Gua Andomo;/iiif/manifests/sites/drive-c5b3432f2a46.json;6;archaeologysulawesi.pdf | Butta Toa.pdf | HoloceneOccupSulawesi.pdf | BurialJarTradition.pdf | GuaMo'oHonoRcokshelter_SSul.pdf | PleistoceneHSapSulawesi.pdf
drive-13f11c90c3d5;Liang Gobel;/iiif/manifests/sites/drive-13f11c90c3d5.json;6;Terminal Pleistoceneand Holocene Population Historyof Java_SongKeplek.pdf | HumanOccupEKal.pdf | Indonesian_LithicProduction.pdf | crandell,+Journal+editor,+Forestier+etal+1+-+ver+1.10+-READY.pdf | productionslithiquesarchipelindonésien.pdf
drive-57c99720b704;Ulu Leang Cave;;0;Butta Toa.pdf | 2020KaharudinetalIndoCaves.pdf | Balang Metti SiteLate Toalean Technology.pdf | Indonesian_LithicProduction.pdf | LeangBattiCave_Holocene_Sulawesi.pdf | LeangJarie_Maros_Toalean.pdf
drive-39a93adaf87b;Gua Makpan;/iiif/manifests/sites/drive-39a93adaf87b.json;6;GuaMapkan_Alor.pdf | Holocene_BurialPractice_AlorIsland.pdf | OnoPawlik2024_ThePrehistoryofHumanMigration_IntechOpen_105160.pdf | 88724-2.pdf | Fishhooks  Lures  and Sinkers  Intensive Manufacture of Marine Technology from the Terminal Pleistocene at Makpan Cave  Alor Island  Indonesia.pdf | HumanEvTerms.pdf
drive-3483e1bb067f;Shiraho-Saonetabaru Cave;/iiif/manifests/sites/drive-3483e1bb067f.json;1;Emergence and Diversity of Modern Human Behavior in Paleolithic Asia (Yousuke Kaifu, Masami Izuho, Ted Goebel etc.) (z-lib.org).pdf | OnoPawlik2024_ThePrehistoryofHumanMigration_IntechOpen_105160.pdf | Terminal Pleistoceneand Holocene Population Historyof Java_SongKeplek.pdf | 88665-2.pdf | Palaeolithic_seafaring_in_East_Asia_testing_the_ba.pdf | s10814-020-09149-7.pdf
drive-0452763239ef;Makpan Cave;/iiif/manifests/sites/drive-0452763239ef.json;6;Staple or delicacy  Sea urchin exploitation over the last 40 000 years at Makpan Cave  Alor Island.pdf | Fishhooks  Lures  and Sinkers  Intensive Manufacture of Marine Technology from the Terminal Pleistocene at Makpan Cave  Alor Island  Indonesia.pdf | 88744-3.pdf | GuaMapkan_Alor.pdf | Holocene_BurialPractice_AlorIsland.pdf | OnoPawlik2024_ThePrehistoryofHumanMigration_IntechOpen_105160.pdf
drive-dc044b157d05;Gua Harto;/iiif/manifests/sites/drive-dc044b157d05.json;6;Borneo_Menyingkap_gua_prasejarah.pdf | First Islanders Prehistory and Human Migration in Island Southeast Asia by Peter Bellwood (z-lib.org).pdf | BorneoRockArt.pdf
drive-97eb01858750;Gua Jufri;/iiif/manifests/sites/drive-97eb01858750.json;6;Borneo_Menyingkap_gua_prasejarah.pdf | First Islanders Prehistory and Human Migration in Island Southeast Asia by Peter Bellwood (z-lib.org).pdf
drive-b47ea9854a05;Daeo Cave;/iiif/manifests/sites/drive-b47ea9854a05.json;6;spiceislands.pdf | Moluccas_BoneShells.pdf | Observations_on_the_Northern_Moluccan_excavated_an.pdf | Brumm_MoviusLine_Paleolithic.pdf | Moluccas Prehistory.pdf | NMoluccasResearch.pdf
drive-a9536cbca916;Gua Sumpang Bita;/iiif/manifests/sites/drive-a9536cbca916.json;6;document (2).pdf | RockArtPreserv.pdf | SSulawesiHolocene_Bulbeck.pdf | s41598-022-25810-1.pdf
drive-d5511c409732;Liang Pa;/iiif/manifests/sites/drive-d5511c409732.json;6;Indonesian_Megaliths_A_Forgotten_Cultura.pdf | Steimer_2018_archaeopress.pdf | Steimer_IndonesianMegaliths.pdf
drive-ea46ed631d3e;Pleistocene Cave;;0;Butta Toa.pdf | Early modern human migration into Sulawesi and Island adaptation in Wallacea.pdf | Emergence and Diversity of Modern Human Behavior in Paleolithic Asia (Yousuke Kaifu, Masami Izuho, Ted Goebel etc.) (z-lib.org).pdf | KaimearRockArt_Kei.pdf
drive-9e7b4919d4a3;Liang Momer-E;/iiif/manifests/sites/drive-9e7b4919d4a3.json;6;WajakSkulls.pdf | Alor Island_PleistoceneCranial.pdf | Alor_Pleistocene_HumanSkull.pdf | Bioarchaeology of Southeast Asia (Marc Oxenham, Nancy Tayles) (z-lib.org).pdf | MoluccasHumanRem.pdf | spiceislands.pdf
drive-bd29a30b541d;Goa Kampret;;0;GoaKampret_Hoabinh_Sumatra.pdf
drive-4f1331aa8227;Leang Paja;/iiif/manifests/sites/drive-4f1331aa8227.json;6;SSulawesiHolocene_Bulbeck.pdf | CultureHistoryToaleanSSul.pdf | BurialJarTradition.pdf | Terminal Pleistoceneand Holocene Population Historyof Java_SongKeplek.pdf | Traditions_of_Jars_as_Mortuary_Containers_in_the_I-2.pdf | Traditions_of_Jars_as_Mortuary_Containers_in_the_I.pdf
drive-b616ac37ea15;Gua Payau;/iiif/manifests/sites/drive-b616ac37ea15.json;6;Borneo_Menyingkap_gua_prasejarah.pdf
drive-8ae174bb6ab1;Leang Ara;/iiif/manifests/sites/drive-8ae174bb6ab1.json;6;SSulawesiHolocene_Bulbeck.pdf | CultureHistoryToaleanSSul.pdf | SongKeplek_Java_Holocene.pdf | Heereken_StoneAgeofIndonesia.pdf | StoneAge.pdf
drive-fd0044e330a6;Gua Alo;;0;Bioarchaeology of Southeast Asia (Marc Oxenham, Nancy Tayles) (z-lib.org).pdf | Heereken_StoneAgeofIndonesia.pdf | PleistoceneHSapSulawesi.pdf | StoneIndustriesSEAsia.pdf | The Routledge handbook of bioarchaeology in Southeast Asia and the Pacific Islands (Buckley, HallieOxenham, Marc) (z-lib.org).pdf
drive-a7035fd366cf;Goa Tabuhan;/iiif/manifests/sites/drive-a7035fd366cf.json;1;DiasporaMelanesiaNusantara.pdf | Emergence and Diversity of Modern Human Behavior in Paleolithic Asia (Yousuke Kaifu, Masami Izuho, Ted Goebel etc.) (z-lib.org).pdf | HomininDiversity_WestIndonesia.pdf | PacitanSites.pdf | SongTerusDating.pdf
drive-6ed9023ab25b;Gua Dompo;/iiif/manifests/sites/drive-6ed9023ab25b.json;6;1431-Article Text-7111-2-10-20230212.pdf
drive-04e37585d67c;Gua Keboboh;/iiif/manifests/sites/drive-04e37585d67c.json;6;Borneo_Menyingkap_gua_prasejarah.pdf | 88724-2.pdf | OnoPawlik2024_ThePrehistoryofHumanMigration_IntechOpen_105160.pdf | FERRIEetal-posterLR.pdf | First Islanders Prehistory and Human Migration in Island Southeast Asia by Peter Bellwood (z-lib.org).pdf
drive-068f7e897744;Leang Saripa;/iiif/manifests/sites/drive-068f7e897744.json;6;SSulawesiHolocene_Bulbeck.pdf | CultureHistoryToaleanSSul.pdf | Heereken_StoneAgeofIndonesia.pdf | SongKeplek_Java_Holocene.pdf | StoneAge.pdf
drive-5312a29116ef;Liang Uttange;/iiif/manifests/sites/drive-5312a29116ef.json;5;Toalean_AustronesianInteractions_Mallawa_Maros.pdf
drive-a2340d3010f0;Pamwak Cave;/iiif/manifests/sites/drive-a2340d3010f0.json;6;spiceislands.pdf | First Islanders Prehistory and Human Migration in Island Southeast Asia by Peter Bellwood (z-lib.org).pdf | LithicArtefacts_Moluccas_halmahera.pdf | Moluccas Prehistory.pdf | Moluccas_BoneShells.pdf | OConnor2006UnpackingISEANeolithic.pdf
drive-34f10bc834fe;Gua Dudumunir;/iiif/manifests/sites/drive-34f10bc834fe.json;3;149-164.pdf | WajakMan.pdf
drive-e8324d5edaaa;Gua Pandan;/iiif/manifests/sites/drive-e8324d5edaaa.json;6;Indonesian_LithicProduction.pdf | PrehistoricJavaSumatra.pdf | crandell,+Journal+editor,+Forestier+etal+1+-+ver+1.10+-READY.pdf | productionslithiquesarchipelindonésien.pdf | First Islanders Prehistory and Human Migration in Island Southeast Asia by Peter Bellwood (z-lib.org).pdf | GuaArca_kangean_Java.pdf
drive-b76a2c45f0f0;Leang Balangajia;;0;sciadv.ady9493_sm.pdf
drive-ea993530b5f7;Tianko Panjang Cave;;0;DiasporaMelanesiaNusantara.pdf | EarlyRiceCultivationSumatra.pdf | First Islanders Prehistory and Human Migration in Island Southeast Asia by Peter Bellwood (z-lib.org).pdf | CultureHistoryToaleanSSul.pdf | Emergence and Diversity of Modern Human Behavior in Paleolithic Asia (Yousuke Kaifu, Masami Izuho, Ted Goebel etc.) (z-lib.org).pdf
drive-dc61545ef322;Gua Batu;/iiif/manifests/sites/drive-dc61545ef322.json;4;Gua Batu_Kalimantan.pdf | The-Excavation-of-Gua-Harimau-s-Western-Gallery--A-Contribution-_2023_L-Anth.pdf
drive-97f0197612ab;Gua Gede;/iiif/manifests/sites/drive-97f0197612ab.json;6;Austronesian Traces at Gede Cave, Nusa Penida Island, Bali.pdf | 2020KaharudinetalIndoCaves.pdf | ListCavesRockshelters.pdf
drive-48492f9fb478;Gua Kambing;/iiif/manifests/sites/drive-48492f9fb478.json;5;Borneo_Menyingkap_gua_prasejarah.pdf | Painted Sites, Sacred Sites_NHT.pdf
drive-a48d1015cfda;Gua Saleh;/iiif/manifests/sites/drive-a48d1015cfda.json;1;Painted Sites, Sacred Sites_NHT.pdf | First Islanders Prehistory and Human Migration in Island Southeast Asia by Peter Bellwood (z-lib.org).pdf | Plutniak-etal_2014_new-ceramic-data-from-east-kalimantan.pdf
drive-1b250f16935d;Gua Sambagowala;/iiif/manifests/sites/drive-1b250f16935d.json;4;patterned_and_plain_baked_clay_from_prepottery_contexts_in_southeast_sulawesi_indonesia.pdf | BurialJarTradition.pdf | GoaTopogaro_Sulawesi_Holocene_BoneLithic.pdf | Terminal Pleistoceneand Holocene Population Historyof Java_SongKeplek.pdf | Traditions_of_Jars_as_Mortuary_Containers_in_the_I-2.pdf | Traditions_of_Jars_as_Mortuary_Containers_in_the_I.pdf
drive-3b0ca7f0d5ac;Tewet Cave;;0;Uncovering the chemistry of color change in rock art in Leang Tedongnge.pdf
drive-7cf4232f888b;Ceruk Sirebi Seiwu;;0;
drive-ebc73e3550ca;Gua Ta;/iiif/manifests/sites/drive-ebc73e3550ca.json;6;Borneo_Menyingkap_gua_prasejarah.pdf
drive-4b3cdd739702;Gua Tabon;/iiif/manifests/sites/drive-4b3cdd739702.json;3;SaHuynh-KalanayPottery.pdf | DiasporaMelanesiaNusantara.pdf | WajakMan.pdf | Osteobiografi_Rangka_Manusia_Situs_Liang_Bangkai_1.pdf
drive-6472cb7e0cfa;Leang Balisao;/iiif/manifests/sites/drive-6472cb7e0cfa.json;5;CultureHistoryToaleanSSul.pdf | SSulawesiHolocene_Bulbeck.pdf | SongKeplek_Java_Holocene.pdf | archaeologysulawesi.pdf | GuaMo'oHonoRcokshelter_SSul.pdf | Heereken_StoneAgeofIndonesia.pdf
drive-53ef52404da7;Leang Jin;;0;
drive-63a26adfe073;Liang X;;0;Bioarchaeology of Southeast Asia (Marc Oxenham, Nancy Tayles) (z-lib.org).pdf | Heereken_StoneAgeofIndonesia.pdf | PleistoceneHSapSulawesi.pdf | The Routledge handbook of bioarchaeology in Southeast Asia and the Pacific Islands (Buckley, HallieOxenham, Marc) (z-lib.org).pdf | Zooarchaeology_HumanremainsWallacea.pdf
drive-6c515881b391;Trinil;;0;
drive-da7350672e14;Gua Batu Ejaya;/iiif/manifests/sites/drive-da7350672e14.json;2;Butta Toa.pdf
drive-ac86d99c8e6e;Leang Balangingi;/iiif/manifests/sites/drive-ac86d99c8e6e.json;2;MortuaryPatternsSEAsia.pdf | BurialJarTradition.pdf | LeangSarruRockshelter_Talaud.pdf | LeangSarru_Occup.pdf | Terminal Pleistoceneand Holocene Population Historyof Java_SongKeplek.pdf | Traditions_of_Jars_as_Mortuary_Containers_in_the_I-2.pdf
drive-8f54d297313c;Liang Ulin;/iiif/manifests/sites/drive-8f54d297313c.json;5;Gua Batu_Kalimantan.pdf | BukitBangkai_Mesolithic.pdf | Osteobiografi_Rangka_Manusia_Situs_Liang_Bangkai_1.pdf | Warisan Budaya Maritim Nusantara by Supratikno Rahardjo, Nies Anggraeni, Titi Surti Nastiti, Wiwin Djuwita Ramelan (z-lib.org).pdf
drive-d1d205b3f8fd;Elivavan rockshelter;/iiif/manifests/sites/drive-d1d205b3f8fd.json;6;localityInfoPDFElivavan_rockshelter.pdf
drive-e131eb62fe07;Gua Karas Kaimana;;0;7. Jurnal Papua Vol 4 No 2 Nov 2012.pdf | 149-164.pdf
drive-1f2cef90b80f;Gua Mar;/iiif/manifests/sites/drive-1f2cef90b80f.json;6;Borneo_Menyingkap_gua_prasejarah.pdf
drive-83441c0ed9c2;Gua Pawon. Sumber;/iiif/manifests/sites/drive-83441c0ed9c2.json;6;Warisan Budaya Maritim Nusantara by Supratikno Rahardjo, Nies Anggraeni, Titi Surti Nastiti, Wiwin Djuwita Ramelan (z-lib.org).pdf
drive-a960a297715c;Gua Uhalie;/iiif/manifests/sites/drive-a960a297715c.json;6;Gua Uhalie_Sulawesi_cave art.pdf
drive-27622ae7c8a7;Gua Uhallie;;0;StencilsBoatsMunaIsland.pdf | archaeologysulawesi.pdf
drive-096bfd1415a2;Leang Alla Masigi;;0;
drive-87b2c18e52a5;Leang I;/iiif/manifests/sites/drive-87b2c18e52a5.json;6;UluLeang_Maros.pdf | arch_0044-8613_1976_num_11_1_1271.pdf | Indonesian_LithicProduction.pdf | The Routledge handbook of bioarchaeology in Southeast Asia and the Pacific Islands (Buckley, HallieOxenham, Marc) (z-lib.org).pdf | archaeology_in_sulawesi_indonesia.pdf | crandell,+Journal+editor,+Forestier+etal+1+-+ver+1.10+-READY.pdf
drive-02a9a76775e0;Leang Leang;/iiif/manifests/sites/drive-02a9a76775e0.json;6;UluLeang_Maros.pdf | arch_0044-8613_1976_num_11_1_1271.pdf | 1969SSulawesiExped.pdf | SongKeplek_Java_Holocene.pdf | archaeologysulawesi.pdf | document (2).pdf
drive-0a7edcad2f1b;Ceruk Lakan Taghu;/iiif/manifests/sites/drive-0a7edcad2f1b.json;4;archaeologysulawesi.pdf | StencilsBoatsMunaIsland.pdf | 2020OConnoretal.KisarRockart2JIPA.pdf
drive-869658ea4938;Gua Sahak;/iiif/manifests/sites/drive-869658ea4938.json;6;Borneo_Menyingkap_gua_prasejarah.pdf | BorneoRockArt.pdf
drive-6987cee3585a;Gua Sosoraweru;/iiif/manifests/sites/drive-6987cee3585a.json;6;Fakfak_Papua_Sosoraweru.pdf
drive-7a2fc91f4ca0;Kria Cave;/iiif/manifests/sites/drive-7a2fc91f4ca0.json;1;PleistocenePapua.pdf | GoaTopogaro_Sulawesi_Holocene_BoneLithic.pdf | 7. Jurnal Papua Vol 4 No 2 Nov 2012.pdf | GoaTopogaro_pleistocene_Sulawesi_AMHdispersalroutes.pdf | The Routledge handbook of bioarchaeology in Southeast Asia and the Pacific Islands (Buckley, HallieOxenham, Marc) (z-lib.org).pdf | ch08.pdf
drive-372832b9607a;Bumiayu;;0;
drive-39723c653bad;Gua Andarewa;/iiif/manifests/sites/drive-39723c653bad.json;6;AndarewaCave_Papua.pdf | 149-164.pdf
drive-6f1d4efca376;Gua Golo;/iiif/manifests/sites/drive-6f1d4efca376.json;6;DiasporaMelanesiaNusantara.pdf | NorthMaluku_PleistoceneHolocene_Caves.pdf | HoabinhianandAustronesian.pdf | Survei_Arkeologis_di_Kawasan_Halmahera_Bagian_Teng.pdf
drive-634ebe47d27d;Gua Mabitce;/iiif/manifests/sites/drive-634ebe47d27d.json;6;GuaMabitce_Hoabinh_Sumatra.pdf
drive-9fcf2dadc6aa;Leang Balang Pakalu;;0;
drive-630cc56fc87e;Leang Sakapao 1;;0;
drive-58db2d13bffd;Ngalau Gupin;;0;
drive-3262d998ec30;Rancah;;0;
drive-42f8efd3a405;Sambungmacan Area;;0;
drive-a899c9c83d5d;Sangiran Tanjung;;0;
drive-1030956e601a;Talepu;;0;
drive-28e74fdbcc17;Topogaro 2;;0;
drive-8b1bbe552ce2;Gua Dompo-Dompo;/iiif/manifests/sites/drive-8b1bbe552ce2.json;6;1431-Article Text-7111-2-10-20230212.pdf
drive-60be962fdfc0;Gua Kao;/iiif/manifests/sites/drive-60be962fdfc0.json;2;Borneo_Menyingkap_gua_prasejarah.pdf | BorneoRockArt.pdf
drive-a68b2e5be7ec;Gua Karas;;0;7. Jurnal Papua Vol 4 No 2 Nov 2012.pdf | 149-164.pdf
drive-4076cd77a0f6;Gua Kuya;/iiif/manifests/sites/drive-4076cd77a0f6.json;6;1683-Article Text-6076-1-10-20220825.pdf | 1431-Article Text-7111-2-10-20230212.pdf
drive-573d9192eabd;Gua Lascaux;/iiif/manifests/sites/drive-573d9192eabd.json;6;Borneo_Menyingkap_gua_prasejarah.pdf | Butta Toa.pdf
drive-4d56469ff4b3;Gua Lungun;/iiif/manifests/sites/drive-4d56469ff4b3.json;3;Indonesian_LithicProduction.pdf | crandell,+Journal+editor,+Forestier+etal+1+-+ver+1.10+-READY.pdf | productionslithiquesarchipelindonésien.pdf
drive-da8a566617e5;Lawa Cave;/iiif/manifests/sites/drive-da8a566617e5.json;6;Heereken_StoneAgeofIndonesia.pdf | Hoabinh Culture.pdf | StoneAge.pdf | 125988184.pdf | Physical_Cranial_of_Wajak_Man_(Buletin_geologi_itb).pdf
drive-9dd3d4cbf56d;Leang Cakondo;/iiif/manifests/sites/drive-9dd3d4cbf56d.json;4;SSulawesiHolocene_Bulbeck.pdf | CultureHistoryToaleanSSul.pdf | SongKeplek_Java_Holocene.pdf | archaeologysulawesi.pdf
drive-1a3837eb9234;Sangiran;;0;
drive-ed07c05847d7;Tabuhan Cave;/iiif/manifests/sites/drive-ed07c05847d7.json;6;Emergence and Diversity of Modern Human Behavior in Paleolithic Asia (Yousuke Kaifu, Masami Izuho, Ted Goebel etc.) (z-lib.org).pdf | First_Islanders_Human_Origins_Patrimony 2.pdf | First_Islanders_Human_Origins_Patrimony.pdf | LeangJarie_Maros_Toalean.pdf | preEmergence and Diversity of Modern Human Behavior in Paleolithic Asia (Yousuke Kaifu, Masami Izuho, Ted Goebel etc.) (z-lib.org).pdf | s10814-020-09149-7.pdf
drive-ebc9c7e89283;Daeo Caves;/iiif/manifests/sites/drive-ebc9c7e89283.json;3;Moluccas_BoneShells.pdf | Observations_on_the_Northern_Moluccan_excavated_an.pdf | spiceislands.pdf
drive-8100231b256d;Gua Arca;/iiif/manifests/sites/drive-8100231b256d.json;3;GuaArca_kangean_Java.pdf
drive-b1e46b9bb13e;Gua Tebok;/iiif/manifests/sites/drive-b1e46b9bb13e.json;6;EKalimantan_CavesMesolithicBurials.pdf | Indonesian_LithicProduction.pdf | crandell,+Journal+editor,+Forestier+etal+1+-+ver+1.10+-READY.pdf | productionslithiquesarchipelindonésien.pdf
drive-4dcd78a03f94;Here Sorot Entapa Cave;/iiif/manifests/sites/drive-4dcd78a03f94.json;6;HereSorotEntapaCave_Kisar.pdf
drive-82cdad33d237;Jerimalai Cave;/iiif/manifests/sites/drive-82cdad33d237.json;2;First Islanders Prehistory and Human Migration in Island Southeast Asia by Peter Bellwood (z-lib.org).pdf | LeangSarru_Pleistocene.pdf | Early modern human migration into Sulawesi and Island adaptation in Wallacea.pdf | Emergence and Diversity of Modern Human Behavior in Paleolithic Asia (Yousuke Kaifu, Masami Izuho, Ted Goebel etc.) (z-lib.org).pdf | WallaceaHumanMigration.pdf
drive-ce39630004cf;Leang Sakapao I;/iiif/manifests/sites/drive-ce39630004cf.json;6;Brumm_MoviusLine_Paleolithic.pdf | Indonesian_LithicProduction.pdf | crandell,+Journal+editor,+Forestier+etal+1+-+ver+1.10+-READY.pdf | productionslithiquesarchipelindonésien.pdf
drive-6cb505d212b5;Leang Tedongnge. The;/iiif/manifests/sites/drive-6cb505d212b5.json;6;Animal motifs on rock art in Papua and West Papua.pdf | Uncovering the chemistry of color change in rock art in Leang Tedongnge.pdf | localityInfoPDFLeang_Tedongnge.pdf
drive-d9aff710c06a;Leta Leta Cave;/iiif/manifests/sites/drive-d9aff710c06a.json;3;MortuaryPatternsSEAsia.pdf | BurialJarTradition.pdf | Terminal Pleistoceneand Holocene Population Historyof Java_SongKeplek.pdf | Traditions_of_Jars_as_Mortuary_Containers_in_the_I-2.pdf | Traditions_of_Jars_as_Mortuary_Containers_in_the_I.pdf
drive-17614f49d641;Sampoeng Cave;/iiif/manifests/sites/drive-17614f49d641.json;1;Bomo-Teleng_StoneAdzeWorkshop.pdf | First Islanders Prehistory and Human Migration in Island Southeast Asia by Peter Bellwood (z-lib.org).pdf | HumanOccupEKal.pdf | Mesolithic_Sampung_Java.pdf | StoneAge.pdf | Terminal Pleistoceneand Holocene Population Historyof Java_SongKeplek.pdf
drive-ad1648a08193;Sangiran Early Man;;0;
drive-d6b5b5cefb4e;Semedo;;0;
drive-d077ebcc8d55;Gua Dayak;;0;
drive-6bd2b4d26004;Gua Kecil;/iiif/manifests/sites/drive-6bd2b4d26004.json;2;WajakSkulls.pdf | CultureHistoryToaleanSSul.pdf | HomininDiversity_WestIndonesia.pdf | SaHuynh-KalanayPottery.pdf
drive-828796996c52;Gua Masri II Cave;/iiif/manifests/sites/drive-828796996c52.json;5;News_Using_the_length_of_the_2nd_to_4th_digit_rati.pdf | BorneoRockArt.pdf | EKalimantan_CavesMesolithicBurials.pdf | Painted Sites, Sacred Sites_NHT.pdf
drive-5d41675b9254;Leang Lampoa;/iiif/manifests/sites/drive-5d41675b9254.json;1;CultureHistoryToaleanSSul.pdf | Heereken_StoneAgeofIndonesia.pdf | Obsidian_SEAsia.pdf | StoneAge.pdf | ToaleanSSulawesi.pdf
drive-8f06975f3246;Liang Susu;/iiif/manifests/sites/drive-8f06975f3246.json;5;Warisan Budaya Maritim Nusantara by Supratikno Rahardjo, Nies Anggraeni, Titi Surti Nastiti, Wiwin Djuwita Ramelan (z-lib.org).pdf | BukitBangkai_Mesolithic.pdf | Osteobiografi_Rangka_Manusia_Situs_Liang_Bangkai_1.pdf
drive-ac537663773b;Paleolithic Cave;;0;A Companion to Rock Art (Jo McDonald, Peter Veth) (z-lib.org).pdf | 126000089.pdf | Encyclopedia of Human Evolution and Prehistory (Eric Delson, Ian Tattersall, John Van Couvering etc.) (z-lib.org).pdf | LeangJarie_Maros_Toalean.pdf
drive-b4d1618219fe;Burung Cave;/iiif/manifests/sites/drive-b4d1618219fe.json;4;Heereken_StoneAgeofIndonesia.pdf | UluLeang_Maros.pdf | arch_0044-8613_1976_num_11_1_1271.pdf
drive-2b9ef76ed957;Goa Gajah;/iiif/manifests/sites/drive-2b9ef76ed957.json;1;70-140-1-SM.pdf | Warisan Budaya Maritim Nusantara by Supratikno Rahardjo, Nies Anggraeni, Titi Surti Nastiti, Wiwin Djuwita Ramelan (z-lib.org).pdf | WaterRiceEarlyJavaBali.pdf
drive-724cb22b7368;Gua Harimau. The;;0;The-Excavation-of-Gua-Harimau-s-Western-Gallery--A-Contribution-_2023_L-Anth.pdf | HomininDiversity_WestIndonesia.pdf | Painted Sites, Sacred Sites_NHT.pdf
drive-ae948b55aa35;Gua Mentanduno;/iiif/manifests/sites/drive-ae948b55aa35.json;2;StencilsBoatsMunaIsland.pdf | archaeologysulawesi.pdf
drive-17be9d5deb31;Gua Sedepan;/iiif/manifests/sites/drive-17be9d5deb31.json;6;Borneo_Menyingkap_gua_prasejarah.pdf
drive-4729ca6f1a06;Gua Thamrin;/iiif/manifests/sites/drive-4729ca6f1a06.json;1;map-of-sangkulirang-cave.pdf
drive-b55dc42c746f;Leang Buidane. The;/iiif/manifests/sites/drive-b55dc42c746f.json;5;BronzeArt_Bali.pdf | BurialJarTradition.pdf | Terminal Pleistoceneand Holocene Population Historyof Java_SongKeplek.pdf | Traditions_of_Jars_as_Mortuary_Containers_in_the_I-2.pdf | Traditions_of_Jars_as_Mortuary_Containers_in_the_I.pdf
drive-ec7d37b63eb6;Leang Sarru. The;/iiif/manifests/sites/drive-ec7d37b63eb6.json;6;LeangSarruRockshelter_Talaud.pdf | LeangSarru_Occup.pdf | LeangSarru_Pleistocene.pdf | david_carlson,+3-Tanudirjo.pdf | localityInfoPDFLeang_Sarru.pdf
drive-56c85226845a;Leang Tuwo Mane;/iiif/manifests/sites/drive-56c85226845a.json;1;First Islanders Prehistory and Human Migration in Island Southeast Asia by Peter Bellwood (z-lib.org).pdf | Mansiri_Sulawesi_Lapita.pdf | Obsidian_SEAsia.pdf | archaeologysulawesi.pdf | spiceislands.pdf
drive-869b649ea8ee;Lhoong Pigip Cave;/iiif/manifests/sites/drive-869b649ea8ee.json;6;AcehCaves.pdf
drive-e2e3b42c552f;Liang Bua Homo;;0;Human_evolution_in_Sunda_and_Sahul_and_the_continu 2.pdf | Human_evolution_in_Sunda_and_Sahul_and_the_continu.pdf | The_Magnetostratigraphy_and_the_Age_of_Soa_Basin_.pdf | Zooarchaeology_HumanremainsWallacea.pdf | s41559-021-01408-0.pdf
drive-cbd8bd24d2bf;Liang Panas;/iiif/manifests/sites/drive-cbd8bd24d2bf.json;2;Glover_TimorSites.pdf | Heereken_StoneAgeofIndonesia.pdf | Rote_Sawu_HumanOccup.pdf | StoneIndustriesSEAsia.pdf | Zooarchaeology_HumanremainsWallacea.pdf
drive-b8a0a9ccc0dc;Painted Cave;/iiif/manifests/sites/drive-b8a0a9ccc0dc.json;3;Painted Sites, Sacred Sites_NHT.pdf | StencilsBoatsMunaIsland.pdf | archaeologysulawesi.pdf | v34n1.pdf
drive-4b77ea8a14c0;Pawon Cave;/iiif/manifests/sites/drive-4b77ea8a14c0.json;5;HomininDiversity_WestIndonesia.pdf | Warisan Budaya Maritim Nusantara by Supratikno Rahardjo, Nies Anggraeni, Titi Surti Nastiti, Wiwin Djuwita Ramelan (z-lib.org).pdf
drive-afc26a507e24;Sampung Cave;;0;StoneAge.pdf | Heereken_StoneAgeofIndonesia.pdf
drive-60d119c4d5e9;Arca Cave;/iiif/manifests/sites/drive-60d119c4d5e9.json;4;GuaArca_kangean_Java.pdf
drive-49534c05a918;Gua Balang Metti;/iiif/manifests/sites/drive-49534c05a918.json;6;Pattuku_BalangMettiCave_Sulawesi.pdf | Balang Metti SiteLate Toalean Technology.pdf
drive-2e0e09d75155;Gua Debu;;0;Hoabinh Culture.pdf | ERA_BARU_DALAM_KEMITRAAN_PENGELOLAAN_CAGAR_BUDAYA_.pdf
drive-c13b662fff1c;Gua Madu;;0;Hoabinh Culture.pdf | First Islanders Prehistory and Human Migration in Island Southeast Asia by Peter Bellwood (z-lib.org).pdf
drive-4295224c16ae;Gua Panganreang Tudea;;0;Butta Toa.pdf
drive-89e125f71b02;Gua Siti Nafisah. Source;/iiif/manifests/sites/drive-89e125f71b02.json;6;spiceislands.pdf | Moluccas_BoneShells.pdf | NMoluccasResearch.pdf | Observations_on_the_Northern_Moluccan_excavated_an.pdf
drive-9998b43965f1;Gua Solo Oti;/iiif/manifests/sites/drive-9998b43965f1.json;6;580-Article Text-1359-2-10-20190711.pdf
drive-d45179e3eb35;Gua Tenkgorak;/iiif/manifests/sites/drive-d45179e3eb35.json;4;88724-2.pdf | OnoPawlik2024_ThePrehistoryofHumanMigration_IntechOpen_105160.pdf | The Routledge handbook of bioarchaeology in Southeast Asia and the Pacific Islands (Buckley, HallieOxenham, Marc) (z-lib.org).pdf
drive-c89206558849;Gua Uattamdi;/iiif/manifests/sites/drive-c89206558849.json;1;NorthMaluku_PleistoceneHolocene_Caves.pdf | DiasporaMelanesiaNusantara.pdf | StoneIndustriesSEAsia.pdf
drive-bfc3aaf01aa9;Leang Bulu Tengngae;;0;
drive-125e6cac3a73;Leang Burung I;/iiif/manifests/sites/drive-125e6cac3a73.json;2;Toalean_SSul.pdf | Indonesian_LithicProduction.pdf | crandell,+Journal+editor,+Forestier+etal+1+-+ver+1.10+-READY.pdf | productionslithiquesarchipelindonésien.pdf
drive-187695db08d1;Leang Cadang;/iiif/manifests/sites/drive-187695db08d1.json;1;First Islanders Prehistory and Human Migration in Island Southeast Asia by Peter Bellwood (z-lib.org).pdf | SongKeplek_Java_Holocene.pdf
drive-020df4c4abef;Leang Pamelakkang Tedong;;0;The_Mapping_Out_of_Maros-Pangkep_Karst_Forest_as_a.pdf
drive-b27963483a31;Leang Pappanaungang;;0;Laporan_Karst_Lengkap1.pdf
drive-51d2670001b3;Gua Anawai;/iiif/manifests/sites/drive-51d2670001b3.json;6;Butta Toa.pdf | RAPPORTSULAWESI-2014-OK.pdf | archaeologysulawesi.pdf
drive-725815357c99;Gua Batu Adji;/iiif/manifests/sites/drive-725815357c99.json;3;Indonesian_LithicProduction.pdf | crandell,+Journal+editor,+Forestier+etal+1+-+ver+1.10+-READY.pdf | productionslithiquesarchipelindonésien.pdf
drive-6ba31c10e3f8;Gua Batu T;;0;
drive-1553952cbed2;Gua Berak;/iiif/manifests/sites/drive-1553952cbed2.json;3;Borneo_Menyingkap_gua_prasejarah.pdf
drive-630c46a54072;Gua Gelok;;0;
drive-6085bd4db277;Gua Ilas Kenceng;;0;
drive-b778d51c7308;Gua Karst Maros;;0;s41586-019-1806-y.pdf
drive-8a09de49f697;Gua Ke;/iiif/manifests/sites/drive-8a09de49f697.json;5;Borneo_Menyingkap_gua_prasejarah.pdf
drive-dc54f84ed63f;Gua Kepulauan Kei Kecil;;0;594-Article Text-1601-1-10-20220304.pdf | Artikel-BOATS-OF-INDONESIA.pdf | NorthMaluku_PleistoceneHolocene_Caves.pdf | SeramEarliestSettlements.pdf
drive-11bd2e8d6922;Gua Lampetia Certainly;;0;BurialJarTradition.pdf | Terminal Pleistoceneand Holocene Population Historyof Java_SongKeplek.pdf | Traditions_of_Jars_as_Mortuary_Containers_in_the_I-2.pdf | Traditions_of_Jars_as_Mortuary_Containers_in_the_I.pdf
drive-6b88d5029636;Gua Nempong;;0;Bioarchaeology of Southeast Asia (Marc Oxenham, Nancy Tayles) (z-lib.org).pdf | MoluccasHumanRem.pdf | The Routledge handbook of bioarchaeology in Southeast Asia and the Pacific Islands (Buckley, HallieOxenham, Marc) (z-lib.org).pdf | spiceislands.pdf
drive-90beec1bb20d;Gua Pindi;/iiif/manifests/sites/drive-90beec1bb20d.json;2;Borneo_Menyingkap_gua_prasejarah.pdf
drive-071842b52d51;Gua Se;/iiif/manifests/sites/drive-071842b52d51.json;6;Borneo_Menyingkap_gua_prasejarah.pdf
drive-cca935a14577;Gua Teng;/iiif/manifests/sites/drive-cca935a14577.json;6;Borneo_Menyingkap_gua_prasejarah.pdf
drive-d4f73fa12b33;Gua Toe;;0;2020KaharudinetalIndoCaves.pdf | ListCavesRockshelters.pdf | NorthMaluku_PleistoceneHolocene_Caves.pdf
drive-35d4d04a284c;Gua Ujan;/iiif/manifests/sites/drive-35d4d04a284c.json;4;Borneo_Menyingkap_gua_prasejarah.pdf
drive-eae26f635d1d;Gua Wa Bose;;0;StencilsBoatsMunaIsland.pdf | archaeologysulawesi.pdf
drive-d54a30c4dc3b;Gua Yadumblu;/iiif/manifests/sites/drive-d54a30c4dc3b.json;3;7. Jurnal Papua Vol 4 No 2 Nov 2012.pdf
drive-c49e25bd1b9d;Karim Cave;;0;Uncovering the chemistry of color change in rock art in Leang Tedongnge.pdf
drive-e423bbeb9a3f;Leang Arandangana;;0;DevelopmentofmarineandterrestrialresourceuseintheTalaudIslands.pdf | archaeologysulawesi.pdf
drive-04f2598ef248;Leang Karampuang;;0;820-Article Text-3790-2-10-20240708.pdf | sciadv.ady9493_sm.pdf
drive-7ef0f05ec890;Leang Lambatorang;/iiif/manifests/sites/drive-7ef0f05ec890.json;1;SSulawesiHolocene_Bulbeck.pdf | ToaleanSSulawesi.pdf
drive-dfbb1444f580;Leang Sarru. These;/iiif/manifests/sites/drive-dfbb1444f580.json;6;1-s2.0-S2352409X25000525-main.pdf | LeangSarruRockshelter_Talaud.pdf | LeangSarru_Occup.pdf | david_carlson,+3-Tanudirjo.pdf
drive-56f5eda15e4a;Leang Tjadang;/iiif/manifests/sites/drive-56f5eda15e4a.json;2;Bioarchaeology of Southeast Asia (Marc Oxenham, Nancy Tayles) (z-lib.org).pdf | Heereken_StoneAgeofIndonesia.pdf | SongKeplek_Java_Holocene.pdf
drive-f4395b500f35;Leang Tomatoa Kacicang;/iiif/manifests/sites/drive-f4395b500f35.json;4;SSulawesiHolocene_Bulbeck.pdf | Butta Toa.pdf
drive-aa0bba4481fe;Liang Bua Faunal Remains;;0;Sailing the deep blue sea The rock art of Wetang Island Maluku Barat Daya Indonesia (1).pdf | Sailing the deep blue sea The rock art of Wetang Island Maluku Barat Daya Indonesia (2).pdf | Sailing the deep blue sea The rock art of Wetang Island Maluku Barat Daya Indonesia (3).pdf
drive-43cef2a29d1f;Liang Datu;/iiif/manifests/sites/drive-43cef2a29d1f.json;4;HoloceneOccupSulawesi.pdf | archaeologysulawesi.pdf | Ragam wadah kubur di indonesia.pdf
drive-314de3f0fa65;Liang Fanga;/iiif/manifests/sites/drive-314de3f0fa65.json;4;2020KaharudinetalIndoCaves.pdf | 594-Article Text-1601-1-10-20220304.pdf | ListCavesRockshelters.pdf | SeramEarliestSettlements.pdf
drive-0bff7017451b;Liang Kacamata;/iiif/manifests/sites/drive-0bff7017451b.json;2;Warisan Budaya Maritim Nusantara by Supratikno Rahardjo, Nies Anggraeni, Titi Surti Nastiti, Wiwin Djuwita Ramelan (z-lib.org).pdf
drive-1fa1fc0d93a0;Liang Panningnge;;0;ToaleanSSulawesi.pdf
drive-b2269d972167;Liang Pe;/iiif/manifests/sites/drive-b2269d972167.json;1;Borneo_Menyingkap_gua_prasejarah.pdf
drive-0080d8bb6310;Liang Tebo;/iiif/manifests/sites/drive-0080d8bb6310.json;2;88724-2.pdf | OnoPawlik2024_ThePrehistoryofHumanMigration_IntechOpen_105160.pdf
drive-68a116ffc434;Mabitce Cave;/iiif/manifests/sites/drive-68a116ffc434.json;6;AcehCaves.pdf | GuaMabitce_Hoabinh_Sumatra.pdf
drive-5cf424db5ca8;Maros Caves;/iiif/manifests/sites/drive-5cf424db5ca8.json;6;Brumm_MoviusLine_Paleolithic.pdf | Obsidian_SEAsia.pdf | Tracing the Cradle of Civilizationsin Sundaland by Dhani Irwanto (z-lib.org).pdf | sulawesi_symposium_program_.pdf
drive-545d5add16a1;Memanoso Cave;;0;BurialJarTradition.pdf | Terminal Pleistoceneand Holocene Population Historyof Java_SongKeplek.pdf | Traditions_of_Jars_as_Mortuary_Containers_in_the_I-2.pdf | Traditions_of_Jars_as_Mortuary_Containers_in_the_I.pdf
drive-c817e0628d07;Pari Cave;/iiif/manifests/sites/drive-c817e0628d07.json;1;AcehCaves.pdf
drive-93e63c3461ea;Shimojibaru Cave;;0;88665-2.pdf | Asian Paleoanthropology From Africa to China and Beyond (Christopher J. Norton, David R. Braun (auth.) etc.) (z-lib.org).pdf | OnoPawlik2024_ThePrehistoryofHumanMigration_IntechOpen_105160.pdf | s10814-020-09149-7.pdf
drive-ff095feb3c16;Sodong Cave;/iiif/manifests/sites/drive-ff095feb3c16.json;6;Heereken_StoneAgeofIndonesia.pdf | StoneAge.pdf | Glover_TimorSites.pdf
drive-78315daadafa;Wajak Cave;/iiif/manifests/sites/drive-78315daadafa.json;2;First Islanders Prehistory and Human Migration in Island Southeast Asia by Peter Bellwood (z-lib.org).pdf | HomininDiversity_WestIndonesia.pdf | MicrolithsWadjak.pdf | WajakSkulls.pdf
drive-e83c5d781640;Zhoukoudian Lower Cave;;0;HErectusjava.pdf | SoloMan_SoloensisorErectus.pdf | HomininDiversity_WestIndonesia.pdf
drive-3b12040c19d5;Buttu Batu Rockshelter;/iiif/manifests/sites/drive-3b12040c19d5.json;6;archaeologysulawesi.pdf | Enrekang_Sul.pdf
drive-8565fa629ab1;Ceruk Bangkai;/iiif/manifests/sites/drive-8565fa629ab1.json;6;Gua Batu_Kalimantan.pdf | 126000089.pdf | BukitBangkai_Mesolithic.pdf
drive-7cc1be2b9aab;Ceruk Landai;;0;The-Excavation-of-Gua-Harimau-s-Western-Gallery--A-Contribution-_2023_L-Anth.pdf | Purwoagung_paleometalic_SSumatra.pdf
drive-49cc5c3a1cf9;Ceruk Pajangan;;0;RembangKarstCaves.pdf
drive-b0796f213038;Goa Jepang;/iiif/manifests/sites/drive-b0796f213038.json;2;Pleistocene_PatiayamJava.pdf
drive-7e160cbafae6;Gua Baik;;0;Bioarchaeology of Southeast Asia (Marc Oxenham, Nancy Tayles) (z-lib.org).pdf | First Islanders Prehistory and Human Migration in Island Southeast Asia by Peter Bellwood (z-lib.org).pdf
drive-cefb971a0131;Gua Balang Balang Metti;/iiif/manifests/sites/drive-cefb971a0131.json;6;Pattuku_BalangMettiCave_Sulawesi.pdf
drive-9718770e4824;Gua Barugaya;/iiif/manifests/sites/drive-9718770e4824.json;6;Broken painting in the prehistoric cave and.pdf | document (2).pdf
drive-aff9d0b2a3fd;Gua Batu Aji;/iiif/manifests/sites/drive-aff9d0b2a3fd.json;5;EKalimantan_CavesMesolithicBurials.pdf | map-of-sangkulirang-cave.pdf
drive-a84876fcd638;Gua Batu Cincin;/iiif/manifests/sites/drive-a84876fcd638.json;1;Painted Sites, Sacred Sites_NHT.pdf | Rock Art and Sacred Landscapes (Donna L. Gillette Ph.D. etc.) (z-lib.org).pdf
drive-258250d0f75a;Gua Braholo BHL F7;;0;HomininDiversity_WestIndonesia.pdf
drive-d8d6afa785a4;Gua Bulusumi;/iiif/manifests/sites/drive-d8d6afa785a4.json;3;SSulawesiHolocene_Bulbeck.pdf | CultureHistoryToaleanSSul.pdf
drive-c0a413be8fc4;Gua Cosquer;/iiif/manifests/sites/drive-c0a413be8fc4.json;4;Borneo_Menyingkap_gua_prasejarah.pdf | Butta Toa.pdf
drive-27851fca85fd;Gua Kimanis;;0;First Islanders Prehistory and Human Migration in Island Southeast Asia by Peter Bellwood (z-lib.org).pdf | Osteobiografi_Rangka_Manusia_Situs_Liang_Bangkai_1.pdf
drive-6aa506e8578a;Gua Liang Bangkai;/iiif/manifests/sites/drive-6aa506e8578a.json;6;BukitBangkai_Mesolithic.pdf
drive-03c88dcca969;Gua Siti Nafisah F5;;0;spiceislands.pdf | GuaSitiHalmahera.pdf | GuaSitiNafisah_Halmahera.pdf
drive-1684ddad87f4;Leang Panameanreanga;/iiif/manifests/sites/drive-1684ddad87f4.json;4;SongKeplek_Java_Holocene.pdf | Heereken_StoneAgeofIndonesia.pdf | StoneAge.pdf
drive-003e1684fcf4;Leang Pette Kere;/iiif/manifests/sites/drive-003e1684fcf4.json;3;SSulawesiHolocene_Bulbeck.pdf | CultureHistoryToaleanSSul.pdf
drive-60d07749ccc2;Leang Samungkeng;;0;
drive-647de595b641;Leang Tomatua Katjitjang;/iiif/manifests/sites/drive-647de595b641.json;3;Heereken_StoneAgeofIndonesia.pdf | SongKeplek_Java_Holocene.pdf | StoneAge.pdf
drive-00235935a208;Liang Batu Ukir;/iiif/manifests/sites/drive-00235935a208.json;6;BukitBangkai_Mesolithic.pdf | Osteobiografi_Rangka_Manusia_Situs_Liang_Bangkai_1.pdf
drive-27f312fb28e6;Liang Bua Sector IV Mollusk;/iiif/manifests/sites/drive-27f312fb28e6.json;6;localityInfoPDFLiang_Bua.pdf
drive-2a250dc853f1;Liang Lisaibam;/iiif/manifests/sites/drive-2a250dc853f1.json;6;SpriggsetalThreeSeasonsAruIslandsch0419.pdf
drive-9517fb6d4a67;Rundung Cave;;0;Heereken_StoneAgeofIndonesia.pdf | StoneAge.pdf | StoneIndustriesSEAsia.pdf
drive-69e8e193168e;Topogaro Caves;/iiif/manifests/sites/drive-69e8e193168e.json;4;WallaceaHumanMigration.pdf | GoaTopogaro_Sulawesi_Holocene_BoneLithic.pdf
drive-52804298d70e;Bat Cave;;0;Heereken_StoneAgeofIndonesia.pdf | HoabinhianandAustronesian.pdf | ch08.pdf
drive-b2aaab6a5563;Betpuruh Cave;;0;StoneAge.pdf | Heereken_StoneAgeofIndonesia.pdf
drive-1b7e00748886;Bukit Tiwing Leang Buida;/iiif/manifests/sites/drive-1b7e00748886.json;4;DevelopmentofmarineandterrestrialresourceuseintheTalaudIslands.pdf | archaeologysulawesi.pdf
drive-480fb2665f44;Ceruk Ida Malangi;;0;StencilsBoatsMunaIsland.pdf | archaeologysulawesi.pdf
drive-b0be0318a9f2;Ceruk Lasabo A;;0;StencilsBoatsMunaIsland.pdf | archaeologysulawesi.pdf
drive-f1c0a7c0c667;Ceruk Lasabo B;;0;StencilsBoatsMunaIsland.pdf | archaeologysulawesi.pdf
drive-4cc4c8c17a52;Ceruk Sirebi Seiwu Sebagai Tempat Penguburan;;0;
drive-64c85ddb8731;Ceruk Watiwaga;;0;7. Jurnal Papua Vol 4 No 2 Nov 2012.pdf
drive-95489fd378a3;Gebe Island The Golo Cave;/iiif/manifests/sites/drive-95489fd378a3.json;3;Moluccas_BoneShells.pdf | Observations_on_the_Northern_Moluccan_excavated_an.pdf | spiceislands.pdf
drive-20d05c49bf0f;Golo Cave Golo Cave;/iiif/manifests/sites/drive-20d05c49bf0f.json;3;Gebe.pdf | Investigations_on_Gebe_Island.pdf | spiceislands.pdf
drive-2a09c93a1019;Gua Alo-1;/iiif/manifests/sites/drive-2a09c93a1019.json;5;WajakSkulls.pdf
drive-00bd1de3cb8a;Gua Ber;/iiif/manifests/sites/drive-00bd1de3cb8a.json;1;Borneo_Menyingkap_gua_prasejarah.pdf
drive-54ab87e7293a;Gua Braholo BHL H8;;0;HomininDiversity_WestIndonesia.pdf
drive-a3b434479750;Gua Chauvet;/iiif/manifests/sites/drive-a3b434479750.json;5;Borneo_Menyingkap_gua_prasejarah.pdf
drive-8f0707d2c5ce;Gua Di Muna;;0;Lembah Walanae.pdf | Butta Toa.pdf
drive-b9baf07fc7fd;Gua Erfe Hora;;0;
drive-1cdfb01d68dc;Gua Hao Pinalo;;0;NorthMaluku_PleistoceneHolocene_Caves.pdf
drive-45346b396be8;Gua Harimau Dan Perjalanan Panjang Peradaban;;0;
drive-21a8e31b6108;Gua Harimau’s;/iiif/manifests/sites/drive-21a8e31b6108.json;3;The-Excavation-of-Gua-Harimau-s-Western-Gallery--A-Contribution-_2023_L-Anth.pdf
drive-4c73c6868827;Gua Hatu;;0;NorthMaluku_PleistoceneHolocene_Caves.pdf
drive-b75da42d695a;Gua Hunian;/iiif/manifests/sites/drive-b75da42d695a.json;2;1683-Article Text-6076-1-10-20220825.pdf | Warisan Budaya Maritim Nusantara by Supratikno Rahardjo, Nies Anggraeni, Titi Surti Nastiti, Wiwin Djuwita Ramelan (z-lib.org).pdf
drive-fdf16e32cee2;Gua Kawasan Timur Jawa;;0;149-164.pdf | 7. Jurnal Papua Vol 4 No 2 Nov 2012.pdf | Pattuku_BalangMettiCave_Sulawesi.pdf
drive-b4eef8e3ee80;Gua Kecabe;/iiif/manifests/sites/drive-b4eef8e3ee80.json;6;Borneo_Menyingkap_gua_prasejarah.pdf | BorneoRockArt.pdf
drive-887c4093a0ba;Gua Ku;/iiif/manifests/sites/drive-887c4093a0ba.json;4;Borneo_Menyingkap_gua_prasejarah.pdf
drive-ed33ca7cf298;Gua Kurang Tahu;/iiif/manifests/sites/drive-ed33ca7cf298.json;3;Borneo_Menyingkap_gua_prasejarah.pdf
drive-801b70ba7128;Gua La Kolumbu;;0;StencilsBoatsMunaIsland.pdf | archaeologysulawesi.pdf
drive-a0559356951b;Gua Lawa Sampung;;0;1.+Semedo_galleys_300824.pdf | HomininDiversity_WestIndonesia.pdf | Kubur_Tempayan_di_Kabupaten_Alor_NTT_201320200127-51557-y49nrp-with-cover-page-v2.pdf
drive-94773a246912;Gua Leo;/iiif/manifests/sites/drive-94773a246912.json;3;Borneo_Menyingkap_gua_prasejarah.pdf
drive-613765c0713e;Gua Loh Vat;;0;NorthMaluku_PleistoceneHolocene_Caves.pdf
drive-f10c2955d363;Gua Macinai;/iiif/manifests/sites/drive-f10c2955d363.json;2;CultureHistoryToaleanSSul.pdf | SSulawesiHolocene_Bulbeck.pdf
drive-32548549d77e;Gua Marike;/iiif/manifests/sites/drive-32548549d77e.json;1;GuaMabitce_Hoabinh_Sumatra.pdf | Hoabinhian_Sumatra.pdf
drive-4c4be6e169f0;Gua Maros;;0;149-164.pdf | DiasporaMelanesiaNusantara.pdf
drive-e20181d2440f;Gua Masri I;/iiif/manifests/sites/drive-e20181d2440f.json;6;Borneo_Menyingkap_gua_prasejarah.pdf
drive-56170111538d;Gua Mentis;/iiif/manifests/sites/drive-56170111538d.json;2;Borneo_Menyingkap_gua_prasejarah.pdf
drive-5adb73e08098;Gua Misna;/iiif/manifests/sites/drive-5adb73e08098.json;2;Borneo_Menyingkap_gua_prasejarah.pdf | map-of-sangkulirang-cave.pdf
drive-643a47af0ea4;Gua Panxiang Dadong;;0;Lembah Walanae.pdf
drive-9844785b202c;Gua Pasca- Plestosen. Berita Penelitian Arkeologi;;0;88724-2.pdf | OnoPawlik2024_ThePrehistoryofHumanMigration_IntechOpen_105160.pdf | The Routledge handbook of bioarchaeology in Southeast Asia and the Pacific Islands (Buckley, HallieOxenham, Marc) (z-lib.org).pdf
drive-22c8d4a50e3f;Gua Pattebakang;/iiif/manifests/sites/drive-22c8d4a50e3f.json;2;SSulawesiHolocene_Bulbeck.pdf
drive-12f2ec6a945a;Gua Pawon. Bandung;;0;Warisan Budaya Maritim Nusantara by Supratikno Rahardjo, Nies Anggraeni, Titi Surti Nastiti, Wiwin Djuwita Ramelan (z-lib.org).pdf
drive-887233888b8e;Gua Pondowa;;0;Lembah Walanae.pdf | Butta Toa.pdf
drive-190ae376070e;Gua Prasejarah Maros-Pangkep;;0;
drive-766a428edab3;Gua Putri;/iiif/manifests/sites/drive-766a428edab3.json;1;First Islanders Prehistory and Human Migration in Island Southeast Asia by Peter Bellwood (z-lib.org).pdf | HomininDiversity_WestIndonesia.pdf | The-Excavation-of-Gua-Harimau-s-Western-Gallery--A-Contribution-_2023_L-Anth.pdf
drive-2423b64033a3;Gua Rusa;/iiif/manifests/sites/drive-2423b64033a3.json;6;Borneo_Menyingkap_gua_prasejarah.pdf
drive-d75643019b5d;Gua Sammangi;/iiif/manifests/sites/drive-d75643019b5d.json;4;Borneo_Menyingkap_gua_prasejarah.pdf
drive-77ca2010d199;Gua Sesak;;0;NorthMaluku_PleistoceneHolocene_Caves.pdf
drive-82e6883b4c86;Gua Siti Na;/iiif/manifests/sites/drive-82e6883b4c86.json;3;GuaSitiHalmahera.pdf | GuaSitiNafisah_Halmahera.pdf | spiceislands.pdf
drive-100be62ec522;Gua Siti Nafisah. The;/iiif/manifests/sites/drive-100be62ec522.json;3;GuaSitiHalmahera.pdf | GuaSitiNafisah_Halmahera.pdf | spiceislands.pdf
drive-08fc4754ee5e;Gua Sodong;/iiif/manifests/sites/drive-08fc4754ee5e.json;1;Heereken_StoneAgeofIndonesia.pdf | Kubur_Tempayan_di_Kabupaten_Alor_NTT_201320200127-51557-y49nrp-with-cover-page-v2.pdf
drive-fd67e43f33fa;Gua Sugung;;0;Gua Batu_Kalimantan.pdf | 126000089.pdf
drive-3849ea4cfc19;Gua Suhu Udara;/iiif/manifests/sites/drive-3849ea4cfc19.json;6;document (2).pdf
drive-3d1366b5d89b;Gua Te;/iiif/manifests/sites/drive-3d1366b5d89b.json;4;Borneo_Menyingkap_gua_prasejarah.pdf
drive-87c1e703adbe;Gua Tem;/iiif/manifests/sites/drive-87c1e703adbe.json;3;Borneo_Menyingkap_gua_prasejarah.pdf
drive-06f1463ff303;Gua Tintang;/iiif/manifests/sites/drive-06f1463ff303.json;2;Borneo_Menyingkap_gua_prasejarah.pdf
drive-969ca76f2eff;Gua Trifi;;0;
drive-83dba5684063;Gua Umang;/iiif/manifests/sites/drive-83dba5684063.json;1;Warisan Budaya Maritim Nusantara by Supratikno Rahardjo, Nies Anggraeni, Titi Surti Nastiti, Wiwin Djuwita Ramelan (z-lib.org).pdf
drive-a67343fba4f7;Gua Unak;/iiif/manifests/sites/drive-a67343fba4f7.json;6;Borneo_Menyingkap_gua_prasejarah.pdf
drive-cf418e82062c;Gua Wuru;/iiif/manifests/sites/drive-cf418e82062c.json;6;1431-Article Text-7111-2-10-20230212.pdf | 1683-Article Text-6076-1-10-20220825.pdf | 580-Article Text-1359-2-10-20190711.pdf
drive-41ec95fd3923;Gua Xianglongdong;;0;Lembah Walanae.pdf
drive-62353c4dd45e;Gua Yakumbru;;0;
drive-711be1687a43;Leang Ala Masigi;;0;
drive-a81f254f8f9c;Leang Batanglamara;;0;
drive-79d1ff180ed2;Leang Batu Tianang;;0;The_Mapping_Out_of_Maros-Pangkep_Karst_Forest_as_a.pdf
drive-3ebaeb8cc06a;Leang Batu Tuda;/iiif/manifests/sites/drive-3ebaeb8cc06a.json;2;CultureHistoryToaleanSSul.pdf | SSulawesiHolocene_Bulbeck.pdf
drive-404078dd9bb8;Leang Batu Tunpa;;0;HoloceneOccupSulawesi.pdf | archaeologysulawesi.pdf
drive-038349fe1f5e;Leang Bu;/iiif/manifests/sites/drive-038349fe1f5e.json;5;Toalean_SSul.pdf
drive-b642f76ab769;Leang Buiduane;;0;Fuentesetal.Technological.pdf | SulawesiToolTech.pdf
drive-4cc97fa5d830;Leang Burung2;/iiif/manifests/sites/drive-4cc97fa5d830.json;3;Indonesian_LithicProduction.pdf | crandell,+Journal+editor,+Forestier+etal+1+-+ver+1.10+-READY.pdf | productionslithiquesarchipelindonésien.pdf
drive-cf3c9ab9b863;Leang DjariE;/iiif/manifests/sites/drive-cf3c9ab9b863.json;1;Heereken_StoneAgeofIndonesia.pdf | StoneAge.pdf
drive-ac91b62cbf6f;Leang Karassa The;/iiif/manifests/sites/drive-ac91b62cbf6f.json;3;SSulawesiHolocene_Bulbeck.pdf | Toalean_SSul.pdf | bulbeck-2008.pdf
drive-96c8199746be;Leang Kassi The;;0;The_Mapping_Out_of_Maros-Pangkep_Karst_Forest_as_a.pdf
drive-a7ee5884a357;Leang Londrong;;0;
drive-2a3fcf93bd66;Leang Managapi;;0;LeangSarruRockshelter_Talaud.pdf | LeangSarru_Occup.pdf | david_carlson,+3-Tanudirjo.pdf
drive-b1db152fe993;Leang Mande’et;/iiif/manifests/sites/drive-b1db152fe993.json;1;archaeologysulawesi.pdf
drive-f13820d249dd;Leang Sakapa;/iiif/manifests/sites/drive-f13820d249dd.json;1;PleistoceneHSapSulawesi.pdf | bulbeck-2008.pdf | homoSap_SSul.pdf
drive-22be1e2e8c95;Leang Sarru. Apparently Leang Sarru;/iiif/manifests/sites/drive-22be1e2e8c95.json;6;LeangSarruRockshelter_Talaud.pdf | LeangSarru_Occup.pdf | david_carlson,+3-Tanudirjo.pdf
drive-c947965528fd;Leang Sarru. Square Depth;;0;LeangSarruRockshelter_Talaud.pdf | LeangSarru_Occup.pdf | david_carlson,+3-Tanudirjo.pdf
drive-94c2e7cd1227;Leang Sarru. Top;/iiif/manifests/sites/drive-94c2e7cd1227.json;6;LeangSarruRockshelter_Talaud.pdf | LeangSarru_Occup.pdf | david_carlson,+3-Tanudirjo.pdf
drive-50b4b9728534;Leang Sebang;/iiif/manifests/sites/drive-50b4b9728534.json;1;CultureHistoryToaleanSSul.pdf | Heereken_StoneAgeofIndonesia.pdf | StoneAge.pdf
drive-f11b6150d96c;Leang Tahuna;/iiif/manifests/sites/drive-f11b6150d96c.json;6;The Routledge handbook of bioarchaeology in Southeast Asia and the Pacific Islands (Buckley, HallieOxenham, Marc) (z-lib.org).pdf | LeangSarru_Pleistocene.pdf | Survei_Arkeologis_di_Kawasan_Halmahera_Bagian_Teng.pdf
drive-bf249986b5e7;Leang Timpuseng. The;/iiif/manifests/sites/drive-bf249986b5e7.json;6;archaeologysulawesi.pdf | localityInfoPDFLeang_Timpuseng.pdf
drive-88d7e2116161;Leang Valley;/iiif/manifests/sites/drive-88d7e2116161.json;2;Heereken_StoneAgeofIndonesia.pdf | UluLeang_Maros.pdf | arch_0044-8613_1976_num_11_1_1271.pdf
drive-2909a0960f82;Liang Bua La;;0;Indonesian_LithicProduction.pdf | crandell,+Journal+editor,+Forestier+etal+1+-+ver+1.10+-READY.pdf | productionslithiquesarchipelindonésien.pdf
drive-34de616e92e8;Liang Bua Sector VII Mollusk;/iiif/manifests/sites/drive-34de616e92e8.json;6;localityInfoPDFLiang_Bua.pdf
drive-3a39e6d68236;Liang Bua Sector XI Mollusk;/iiif/manifests/sites/drive-3a39e6d68236.json;6;localityInfoPDFLiang_Bua.pdf
drive-1d5d5165b233;Liang Pu;/iiif/manifests/sites/drive-1d5d5165b233.json;2;88744-3.pdf | OnoPawlik2024_ThePrehistoryofHumanMigration_IntechOpen_105160.pdf
drive-b5530b50376d;Liang Rundung;;0;Heereken_StoneAgeofIndonesia.pdf | Obsidian_SEAsia.pdf
drive-88a98ac2b076;Loyang Mendale Cave;;0;AcehCaves.pdf | NeolithicMigrationIndonesia.pdf | Terminal Pleistoceneand Holocene Population Historyof Java_SongKeplek.pdf
drive-luyk-0001;Loyang Ujung Karang Cave;;0;AcehCaves.pdf
drive-5d52b18267d3;Painted Caves;;0;A Companion to Rock Art (Jo McDonald, Peter Veth) (z-lib.org).pdf
drive-033b21ccfb73;Panganreang Tudea Cave;/iiif/manifests/sites/drive-033b21ccfb73.json;6;Heereken_StoneAgeofIndonesia.pdf | StoneAge.pdf
drive-a23a5ab245f4;Pia Hudale Rockshelter;;0;2020KaharudinetalIndoCaves.pdf | HereSorotEntapaCave_Kisar.pdf | ListCavesRockshelters.pdf
drive-e70ba19014ad;Soki Cave;/iiif/manifests/sites/drive-e70ba19014ad.json;3;Heereken_StoneAgeofIndonesia.pdf | StoneAge.pdf | StoneIndustriesSEAsia.pdf
drive-3a90ba3a63bb;Tengkorak Cave;/iiif/manifests/sites/drive-3a90ba3a63bb.json;5;126000089.pdf | BukitBangkai_Mesolithic.pdf
drive-39516096f6df;Ceruk Poko;;0;RembangKarstCaves.pdf
drive-811c47c83028;Gua Balambangan;/iiif/manifests/sites/drive-811c47c83028.json;2;The Routledge handbook of bioarchaeology in Southeast Asia and the Pacific Islands (Buckley, HallieOxenham, Marc) (z-lib.org).pdf
drive-7e3a118d53fc;Gua Batu Tukang;;0;SaHuynh-KalanayPottery.pdf
drive-9e4abbc38725;Gua Betpuruh;/iiif/manifests/sites/drive-9e4abbc38725.json;2;Heereken_StoneAgeofIndonesia.pdf | DiasporaMelanesiaNusantara.pdf
drive-fcb3da38e984;Gua Gedeh;;0;Heereken_StoneAgeofIndonesia.pdf | RembangKarstCaves.pdf
drive-51ae3ac1c87f;Gua Gogor;;0;RembangKarstCaves.pdf
drive-11aec0144653;Gua Hatu Urang;;0;NorthMaluku_PleistoceneHolocene_Caves.pdf
drive-188dccae88a4;Gua Jimbe;/iiif/manifests/sites/drive-188dccae88a4.json;2;WajakSkulls.pdf | CultureHistoryToaleanSSul.pdf
drive-6804df6e72c6;Gua Kebobo;;0;Osteobiografi_Rangka_Manusia_Situs_Liang_Bangkai_1.pdf
drive-7e340ccbac1f;Gua Keongan;;0;RembangKarstCaves.pdf
drive-c90a464984b7;Gua Kidang The;/iiif/manifests/sites/drive-c90a464984b7.json;1;HomininDiversity_WestIndonesia.pdf
drive-a34552383712;Gua Kuya. Konsentrasi;/iiif/manifests/sites/drive-a34552383712.json;6;1683-Article Text-6076-1-10-20220825.pdf
drive-d6ddbf3c935f;Gua Lengsom;;0;
drive-c6a268b563e4;Gua Liang Batu Ukir;/iiif/manifests/sites/drive-c6a268b563e4.json;6;BukitBangkai_Mesolithic.pdf
drive-1ca1a598db9b;Gua Liang Jago;/iiif/manifests/sites/drive-1ca1a598db9b.json;6;BukitBangkai_Mesolithic.pdf
drive-d8dbf467f2f3;Gua Niah Serawak;;0;Kubur_Tempayan_di_Kabupaten_Alor_NTT_201320200127-51557-y49nrp-with-cover-page-v2.pdf
drive-d35e84ded29c;Gua Pettae Kere;/iiif/manifests/sites/drive-d35e84ded29c.json;6;document (2).pdf | s41598-022-25810-1.pdf
drive-e8eadb1623f3;Gua Pondok Selabe;;0;First Islanders Prehistory and Human Migration in Island Southeast Asia by Peter Bellwood (z-lib.org).pdf | HomininDiversity_WestIndonesia.pdf
drive-53388e2ee949;Gua Silabe;/iiif/manifests/sites/drive-53388e2ee949.json;3;DiasporaMelanesiaNusantara.pdf | The-Excavation-of-Gua-Harimau-s-Western-Gallery--A-Contribution-_2023_L-Anth.pdf
drive-39a6d59900cb;Gua Taneti;;0;NorthMaluku_PleistoceneHolocene_Caves.pdf
drive-9948c291f5fe;Gua Tenggera;/iiif/manifests/sites/drive-9948c291f5fe.json;1;Toalean_AustronesianInteractions_Mallawa_Maros.pdf | ToaleanSSulawesi.pdf
drive-386989ed82a9;Gua Watu Gong;;0;RembangKarstCaves.pdf
drive-7f5372525ad7;Gua Yahoto;;0;
drive-b45778a10073;Hara Cave;;0;Painted Sites, Sacred Sites_NHT.pdf | Emergence and Diversity of Modern Human Behavior in Paleolithic Asia (Yousuke Kaifu, Masami Izuho, Ted Goebel etc.) (z-lib.org).pdf
drive-803b0b6c04b2;Kimanis Cave;/iiif/manifests/sites/drive-803b0b6c04b2.json;2;DiangKaung_DiangBalu_Kalimantan_15000yrrockshelters.pdf | First Islanders Prehistory and Human Migration in Island Southeast Asia by Peter Bellwood (z-lib.org).pdf
