filename,pdf_path,pages,text_chars,ocr_confidence,date_processed
0217NGIEXPaleorivers,data/google-drive-pdfs/0217NGIEXPaleorivers.pdf,2,4793,0.00,2026-03-25T20:17:49.508980
05+Kalpataru+2023+Ipak+hal+149-162,data/google-drive-pdfs/05+Kalpataru+2023+Ipak+hal+149-162.pdf,14,44689,0.00,2026-03-25T20:17:49.509328
1-2,data/google-drive-pdfs/1-2.pdf,25,58179,0.00,2026-03-25T20:17:49.509673
1-s2.0-S0018442X13000589-main,data/google-drive-pdfs/1-s2.0-S0018442X13000589-main.pdf,2,8017,0.00,2026-03-25T20:17:49.509886
1-s2.0-S0047248405000291-main,data/google-drive-pdfs/1-s2.0-S0047248405000291-main.pdf,7,19315,0.00,2026-03-25T20:17:49.510090
1-s2.0-S0047248422001397-main,data/google-drive-pdfs/1-s2.0-S0047248422001397-main.pdf,12,102231,0.00,2026-03-25T20:17:49.510586
1-s2.0-S0047248499903445-main,data/google-drive-pdfs/1-s2.0-S0047248499903445-main.pdf,42,141466,0.00,2026-03-25T20:17:49.511120
1-s2.0-S0277379123004663-main,data/google-drive-pdfs/1-s2.0-S0277379123004663-main.pdf,15,78277,0.00,2026-03-25T20:17:49.511491
1-s2.0-S0277379124001707-main,data/google-drive-pdfs/1-s2.0-S0277379124001707-main.pdf,11,83142,0.00,2026-03-25T20:17:49.511907
1-s2.0-S2352409X25000525-main,data/google-drive-pdfs/1-s2.0-S2352409X25000525-main.pdf,11,71268,0.00,2026-03-25T20:17:49.512545
1.+Semedo_galleys_300824,data/google-drive-pdfs/1.+Semedo_galleys_300824.pdf,18,39978,0.00,2026-03-25T20:17:49.512988
125973516,data/google-drive-pdfs/125973516.pdf,10,37940,0.00,2026-03-25T20:17:49.513277
125973616,data/google-drive-pdfs/125973616.pdf,8,28426,0.00,2026-03-25T20:17:49.513551
125988168,data/google-drive-pdfs/125988168.pdf,19,35174,0.00,2026-03-25T20:17:49.514457
125988184,data/google-drive-pdfs/125988184.pdf,14,36783,0.00,2026-03-25T20:17:49.514775
126000089,data/google-drive-pdfs/126000089.pdf,7,25446,0.00,2026-03-25T20:17:49.515071
1431-Article Text-7111-2-10-20230212,data/google-drive-pdfs/1431-Article Text-7111-2-10-20230212.pdf,21,44678,0.00,2026-03-25T20:17:49.515363
149-164,data/google-drive-pdfs/149-164.pdf,16,50089,0.00,2026-03-25T20:17:49.515645
1683-Article Text-6076-1-10-20220825,data/google-drive-pdfs/1683-Article Text-6076-1-10-20220825.pdf,13,28683,0.00,2026-03-25T20:17:49.515896
1887_3503873-Paper_Dusseldorp_Mining,data/google-drive-pdfs/1887_3503873-Paper_Dusseldorp_Mining.pdf,18,61664,0.00,2026-03-25T20:17:49.516235
1969SSulawesiExped,data/google-drive-pdfs/1969SSulawesiExped.pdf,9,31196,0.00,2026-03-25T20:17:49.516493
1995_The_Ngorek_Lithic_and_megalithic_tr,data/google-drive-pdfs/1995_The_Ngorek_Lithic_and_megalithic_tr.pdf,1,464,0.00,2026-03-25T20:17:49.516614
20021210,data/google-drive-pdfs/20021210.pdf,6,5985,0.00,2026-03-25T20:17:49.516843
2008-ASJ-Homo-floresiensis,data/google-drive-pdfs/2008-ASJ-Homo-floresiensis.pdf,12,54440,0.00,2026-03-25T20:17:49.517167
2016_The_Ngorek_of_the_central_highlands,data/google-drive-pdfs/2016_The_Ngorek_of_the_central_highlands.pdf,40,119255,0.00,2026-03-25T20:17:49.517781
2020KaharudinetalIndoCaves,data/google-drive-pdfs/2020KaharudinetalIndoCaves.pdf,34,98002,0.00,2026-03-25T20:17:49.518358
2020OConnoretal.KisarRockart2JIPA,data/google-drive-pdfs/2020OConnoretal.KisarRockart2JIPA.pdf,34,60767,0.00,2026-03-25T20:17:49.518697
218572772-Early-Human-Expansion-and-Innovation-in-the-Pacific,data/google-drive-pdfs/218572772-Early-Human-Expansion-and-Innovation-in-the-Pacific.pdf,193,503123,0.00,2026-03-25T20:17:49.520391
252-Article Text-804-1-10-20091222,data/google-drive-pdfs/252-Article Text-804-1-10-20091222.pdf,4,19784,0.00,2026-03-25T20:17:49.520640
260-596-1-SM,data/google-drive-pdfs/260-596-1-SM.pdf,23,38813,0.00,2026-03-25T20:17:49.520966
395-Article Text-985-1-10-20180327,data/google-drive-pdfs/395-Article Text-985-1-10-20180327.pdf,8,21412,0.00,2026-03-25T20:17:49.521548
401-860-1-SM,data/google-drive-pdfs/401-860-1-SM.pdf,11,21065,0.00,2026-03-25T20:17:49.521790
426-Article Text-1636-6-10-20201211,data/google-drive-pdfs/426-Article Text-1636-6-10-20201211.pdf,18,73625,0.00,2026-03-25T20:17:49.522171
441559a,data/google-drive-pdfs/441559a.pdf,1,8524,0.00,2026-03-25T20:17:49.522367
5.+Satria+Adhitama,data/google-drive-pdfs/5.+Satria+Adhitama.pdf,13,36424,0.00,2026-03-25T20:17:49.522632
532-Article Text-1402-2-10-20190305,data/google-drive-pdfs/532-Article Text-1402-2-10-20190305.pdf,12,41080,0.00,2026-03-25T20:17:49.522911
580-Article Text-1359-2-10-20190711,data/google-drive-pdfs/580-Article Text-1359-2-10-20190711.pdf,21,78110,0.00,2026-03-25T20:17:49.523281
594-Article Text-1601-1-10-20220304,data/google-drive-pdfs/594-Article Text-1601-1-10-20220304.pdf,16,68787,0.00,2026-03-25T20:17:49.523721
7. Jurnal Papua Vol 4 No 2 Nov 2012,data/google-drive-pdfs/7. Jurnal Papua Vol 4 No 2 Nov 2012.pdf,100,216242,0.00,2026-03-25T20:17:49.524464
70-140-1-SM,data/google-drive-pdfs/70-140-1-SM.pdf,12,39168,0.00,2026-03-25T20:17:49.524713
81123-ID-upacara-manee-pada-masyarakat-kakorotan,data/google-drive-pdfs/81123-ID-upacara-manee-pada-masyarakat-kakorotan.pdf,18,30673,0.00,2026-03-25T20:17:49.525302
820-Article Text-3790-2-10-20240708,data/google-drive-pdfs/820-Article Text-3790-2-10-20240708.pdf,20,56423,0.00,2026-03-25T20:17:49.525591
88.-Situs-Gunung-Wingko,/Users/cataivancov/IdeaProjects/arke-platform/data/google-drive-pdfs/88.-Situs-Gunung-Wingko.pdf,10,10715,88.39,2026-03-25T20:17:49.526121
88665-2,data/google-drive-pdfs/88665-2.pdf,18,51384,0.00,2026-03-25T20:17:49.526446
88724-2,data/google-drive-pdfs/88724-2.pdf,22,54851,0.00,2026-03-25T20:17:49.527251
88744-3,data/google-drive-pdfs/88744-3.pdf,30,91789,0.00,2026-03-25T20:17:49.527887
89412-2,data/google-drive-pdfs/89412-2.pdf,25,69515,0.00,2026-03-25T20:17:49.528220
9789004652644-B9789004652644_s043,data/google-drive-pdfs/9789004652644-B9789004652644_s043.pdf,10,23515,0.00,2026-03-25T20:17:49.528901
"A Companion to Rock Art (Jo McDonald, Peter Veth) (z-lib.org)","data/google-drive-pdfs/A Companion to Rock Art (Jo McDonald, Peter Veth) (z-lib.org).pdf",715,2041585,0.00,2026-03-25T20:17:49.535262
"A History of Early Southeast Asia Maritime Trade and Societal Development, 100-1500 (Kenneth R. Hall) (Z-Library)","data/google-drive-pdfs/A History of Early Southeast Asia Maritime Trade and Societal Development, 100-1500 (Kenneth R. Hall) (Z-Library).pdf",399,1097244,0.00,2026-03-25T20:17:49.538069
A19 India.cupmarks pdf,data/google-drive-pdfs/A19 India.cupmarks pdf.pdf,11,13614,0.00,2026-03-25T20:17:49.538260
Aboru_Maluku_Prehistoric,data/google-drive-pdfs/Aboru_Maluku_Prehistoric.pdf,4,12570,0.00,2026-03-25T20:17:49.538443
Abstract for UISPP,data/google-drive-pdfs/Abstract for UISPP.pdf,2,2417,0.00,2026-03-25T20:17:49.538590
AcehCaves,data/google-drive-pdfs/AcehCaves.pdf,22,43022,0.00,2026-03-25T20:17:49.538885
Additional_Evidence_for_Morpho-Dimensional_Tooth_C,data/google-drive-pdfs/Additional_Evidence_for_Morpho-Dimensional_Tooth_C.pdf,16,80417,0.00,2026-03-25T20:17:49.539430
AgeEarliestHomininsIndonesia,data/google-drive-pdfs/AgeEarliestHomininsIndonesia.pdf,5,41498,0.00,2026-03-25T20:17:49.539685
Alor Island_PleistoceneCranial,data/google-drive-pdfs/Alor Island_PleistoceneCranial.pdf,16,85509,0.00,2026-03-25T20:17:49.540325
Alor_Pleistocene_HumanSkull,data/google-drive-pdfs/Alor_Pleistocene_HumanSkull.pdf,16,97882,0.00,2026-03-25T20:17:49.540733
AmazonBay_Mailu_Papua,data/google-drive-pdfs/AmazonBay_Mailu_Papua.pdf,495,736700,0.00,2026-03-25T20:17:49.543084
An Archaeology of Waigeo (English),data/google-drive-pdfs/An Archaeology of Waigeo (English).pdf,70,49798,0.00,2026-03-25T20:17:49.543390
"Ancestral_DNA,_Human_Origins,_and_Migrations_----_(13_-_The_Agricultural_Revolutions)","data/google-drive-pdfs/Ancestral_DNA,_Human_Origins,_and_Migrations_----_(13_-_The_Agricultural_Revolutions).pdf",1,4219,0.00,2026-03-25T20:17:49.543573
"Ancestral_DNA,_Human_Origins,_and_Migrations_----_(6_-_Neanderthals,_Denisovans,_and_Hobbits)","data/google-drive-pdfs/Ancestral_DNA,_Human_Origins,_and_Migrations_----_(6_-_Neanderthals,_Denisovans,_and_Hobbits).pdf",32,113798,0.00,2026-03-25T20:17:49.543989
"Ancestral_DNA,_Human_Origins,_and_Migrations_----_(7_-_Dispersals_Into_India)","data/google-drive-pdfs/Ancestral_DNA,_Human_Origins,_and_Migrations_----_(7_-_Dispersals_Into_India).pdf",50,162334,0.00,2026-03-25T20:17:49.544604
"Ancestral_DNA,_Human_Origins,_and_Migrations_----_(8_-_The_Occupation_of_Southeast_Asia,_Indonesia,_and_Australia)","data/google-drive-pdfs/Ancestral_DNA,_Human_Origins,_and_Migrations_----_(8_-_The_Occupation_of_Southeast_Asia,_Indonesia,_and_Australia).pdf",1,3882,0.00,2026-03-25T20:17:49.544899
"Ancestral_DNA,_Human_Origins,_and_Migrations_----_(9_-_The_Austronesian_Expansion)","data/google-drive-pdfs/Ancestral_DNA,_Human_Origins,_and_Migrations_----_(9_-_The_Austronesian_Expansion).pdf",28,85738,0.00,2026-03-25T20:17:49.545275
Ancient Religions of the Austronesian World From Australasia to Taiwan (Julian Baldick) (Z-Library),data/google-drive-pdfs/Ancient Religions of the Austronesian World From Australasia to Taiwan (Julian Baldick) (Z-Library).pdf,252,558552,0.00,2026-03-25T20:17:49.546910
Ancient_Boats_Boat_Timbers_and_Locked_Mortise-and-,data/google-drive-pdfs/Ancient_Boats_Boat_Timbers_and_Locked_Mortise-and-.pdf,20,59390,0.00,2026-03-25T20:17:49.547709
AndamanMiddens,data/google-drive-pdfs/AndamanMiddens.pdf,13,33208,0.00,2026-03-25T20:17:49.547940
AndarewaCave_Papua,data/google-drive-pdfs/AndarewaCave_Papua.pdf,12,28465,0.00,2026-03-25T20:17:49.548152
Animal motifs on rock art in Papua and West Papua,data/google-drive-pdfs/Animal motifs on rock art in Papua and West Papua.pdf,44,98751,0.00,2026-03-25T20:17:49.548662
"Anthropocene_A_New_Introduction_to_World_Prehistor..._----_(4._Peopling_the_World_Human_Dispersals_to_Australia,_the_Americas,_and...)","data/google-drive-pdfs/Anthropocene_A_New_Introduction_to_World_Prehistor..._----_(4._Peopling_the_World_Human_Dispersals_to_Australia,_the_Americas,_and...).pdf",7,17150,0.00,2026-03-25T20:17:49.548863
Archaeology in Oceania - 2022 - Perston - Stone‐flaking technology at Leang Bulu Bettue  South Sulawesi  Indonesia,data/google-drive-pdfs/Archaeology in Oceania - 2022 - Perston - Stone‐flaking technology at Leang Bulu Bettue  South Sulawesi  Indonesia.pdf,24,111328,0.00,2026-03-25T20:17:49.549259
Archaeometry - 2018 - Pryce - Copper%E2%80%90base Metallurgy in Metal%E2%80%90Age Bali  Evidence from Gilimanuk  Manikliyu  Pacung ,data/google-drive-pdfs/Archaeometry - 2018 - Pryce - Copper%E2%80%90base Metallurgy in Metal%E2%80%90Age Bali  Evidence from Gilimanuk  Manikliyu  Pacung .pdf,19,58931,0.00,2026-03-25T20:17:49.549581
Arkeologi Natuna  Singkapan identitas budaya di gugus kepulauan terdepan Indonesia,data/google-drive-pdfs/Arkeologi Natuna  Singkapan identitas budaya di gugus kepulauan terdepan Indonesia.pdf,40,39401,0.00,2026-03-25T20:17:49.549878
Artikel-BOATS-OF-INDONESIA,data/google-drive-pdfs/Artikel-BOATS-OF-INDONESIA.pdf,9,22028,0.00,2026-03-25T20:17:49.550117
"Asian Paleoanthropology From Africa to China and Beyond (Christopher J. Norton, David R. Braun (auth.) etc.) (z-lib.org)","data/google-drive-pdfs/Asian Paleoanthropology From Africa to China and Beyond (Christopher J. Norton, David R. Braun (auth.) etc.) (z-lib.org).pdf",227,918136,0.00,2026-03-25T20:17:49.552963
Atambua_WestTimor_Paleoenvironment,data/google-drive-pdfs/Atambua_WestTimor_Paleoenvironment.pdf,8,40656,0.00,2026-03-25T20:17:49.553472
Atlas Pelabuhan-Pelabuhan Bersejarah di Indonesia by Didik Pradjoko  Bambang Budi Utomo (z-lib.org),data/google-drive-pdfs/Atlas Pelabuhan-Pelabuhan Bersejarah di Indonesia by Didik Pradjoko  Bambang Budi Utomo (z-lib.org).pdf,366,581956,0.00,2026-03-25T20:17:49.555150
AustronesiaExpansion,data/google-drive-pdfs/AustronesiaExpansion.pdf,11,71249,0.00,2026-03-25T20:17:49.555652
Austronesia_Karama_Mamuju_Sulawesi,data/google-drive-pdfs/Austronesia_Karama_Mamuju_Sulawesi.pdf,411,0,0.00,2026-03-25T20:17:49.555807
Austronesian Expansion_geneticstudies,data/google-drive-pdfs/Austronesian Expansion_geneticstudies.pdf,11,71249,0.00,2026-03-25T20:17:49.556142
Austronesian Root Theory An Essay on the Limits of Morphology (Robert A. Blust) (Z-Library),data/google-drive-pdfs/Austronesian Root Theory An Essay on the Limits of Morphology (Robert A. Blust) (Z-Library).pdf,202,378541,0.00,2026-03-25T20:17:49.557426
"Austronesian Traces at Gede Cave, Nusa Penida Island, Bali","data/google-drive-pdfs/Austronesian Traces at Gede Cave, Nusa Penida Island, Bali.pdf",10,29706,0.00,2026-03-25T20:17:49.557720
AustronesianLang,data/google-drive-pdfs/AustronesianLang.pdf,22,0,0.00,2026-03-25T20:17:49.557866
Austronesian_influence_and_Transeurasian_ancestry_,data/google-drive-pdfs/Austronesian_influence_and_Transeurasian_ancestry_.pdf,43,103836,0.00,2026-03-25T20:17:49.558380
Austronesians,data/google-drive-pdfs/Austronesians.pdf,17,182833,0.00,2026-03-25T20:17:49.558897
BUGIS VT 132 A_002,data/google-drive-pdfs/BUGIS VT 132 A_002.pdf,133,9949,0.00,2026-03-25T20:17:49.559194
"Bahasa Gayo by Baihaqi A.K., Abdul Gani Asyik, Surya Nola Latif, Sulaiman Sanusi (z-lib.org)","data/google-drive-pdfs/Bahasa Gayo by Baihaqi A.K., Abdul Gani Asyik, Surya Nola Latif, Sulaiman Sanusi (z-lib.org).pdf",105,123091,0.00,2026-03-25T20:17:49.559708
Bahasa Karo by Henry Guntur Tarigan  Djago Tarigan (z-lib.org),data/google-drive-pdfs/Bahasa Karo by Henry Guntur Tarigan  Djago Tarigan (z-lib.org).pdf,228,266162,0.00,2026-03-25T20:17:49.560676
Balang Metti SiteLate Toalean Technology,data/google-drive-pdfs/Balang Metti SiteLate Toalean Technology.pdf,16,39641,0.00,2026-03-25T20:17:49.560980
BatuSindu_Natuna_Neolithic,/Users/cataivancov/IdeaProjects/arke-platform/data/google-drive-pdfs/BatuSindu_Natuna_Neolithic.pdf,11,22691,82.91,2026-03-25T20:17:49.561219
BatujayaAzbestos,data/google-drive-pdfs/BatujayaAzbestos.pdf,19,44906,0.00,2026-03-25T20:17:49.561604
Beads Kalimantan,data/google-drive-pdfs/Beads Kalimantan.pdf,13,60544,0.00,2026-03-25T20:17:49.561902
Bellwood_Prehistory,data/google-drive-pdfs/Bellwood_Prehistory.pdf,445,16247,0.00,2026-03-25T20:17:49.562152
Berita Penelitian Arkeologi No.17.,data/google-drive-pdfs/Berita Penelitian Arkeologi No.17..pdf,31,88394,0.00,2026-03-25T20:17:49.562559
Berkenalan dengan Sasambo by Bunyamin (z-lib.org),data/google-drive-pdfs/Berkenalan dengan Sasambo by Bunyamin (z-lib.org).pdf,66,43278,0.00,2026-03-25T20:17:49.562865
Beyond_the_Java_Sea_Art_of_Indonesias_Ou,data/google-drive-pdfs/Beyond_the_Java_Sea_Art_of_Indonesias_Ou.pdf,321,676345,0.00,2026-03-25T20:17:49.565269
Bietsetal.2021-ColloqueLaPrhistoiresouslestropiques,data/google-drive-pdfs/Bietsetal.2021-ColloqueLaPrhistoiresouslestropiques.pdf,4,9013,0.00,2026-03-25T20:17:49.565526
"Bioarchaeology of Southeast Asia (Marc Oxenham, Nancy Tayles) (z-lib.org)","data/google-drive-pdfs/Bioarchaeology of Southeast Asia (Marc Oxenham, Nancy Tayles) (z-lib.org).pdf",369,823165,0.00,2026-03-25T20:17:49.568237
BioculturalHistoryNusantara,data/google-drive-pdfs/BioculturalHistoryNusantara.pdf,16,48889,0.00,2026-03-25T20:17:49.568633
Bird_2005_QSR_sundaland,data/google-drive-pdfs/Bird_2005_QSR_sundaland.pdf,16,72833,0.00,2026-03-25T20:17:49.569128
Boesl et al. - 2025 - A submerged landscape at the entrance of Sahul,data/google-drive-pdfs/Boesl et al. - 2025 - A submerged landscape at the entrance of Sahul.pdf,25,71191,0.00,2026-03-25T20:17:49.569481
Bomo-Teleng_StoneAdzeWorkshop,data/google-drive-pdfs/Bomo-Teleng_StoneAdzeWorkshop.pdf,162,230161,0.00,2026-03-25T20:17:49.570273
Bondowoso1,data/google-drive-pdfs/Bondowoso1.pdf,13,24890,0.00,2026-03-25T20:17:49.570519
BondowosoArtefacts,data/google-drive-pdfs/BondowosoArtefacts.pdf,14,37150,0.00,2026-03-25T20:17:49.570772
BorneoRockArt,data/google-drive-pdfs/BorneoRockArt.pdf,18,31874,0.00,2026-03-25T20:17:49.571049
Borneo_Menyingkap_gua_prasejarah,data/google-drive-pdfs/Borneo_Menyingkap_gua_prasejarah.pdf,180,318693,0.00,2026-03-25T20:17:49.571994
Brain shape in human microcephalicsandHomo floresiensis,data/google-drive-pdfs/Brain shape in human microcephalicsandHomo floresiensis.pdf,6,39675,0.00,2026-03-25T20:17:49.572295
Broken painting in the prehistoric cave and,data/google-drive-pdfs/Broken painting in the prehistoric cave and.pdf,10,26669,0.00,2026-03-25T20:17:49.572514
Bronze-Iron Age of Indonesia,data/google-drive-pdfs/Bronze-Iron Age of Indonesia.pdf,164,253154,0.00,2026-03-25T20:17:49.573338
BronzeArt_Bali,data/google-drive-pdfs/BronzeArt_Bali.pdf,92,156265,0.00,2026-03-25T20:17:49.574092
Brumm_MoviusLine_Paleolithic,data/google-drive-pdfs/Brumm_MoviusLine_Paleolithic.pdf,488,847351,0.00,2026-03-25T20:17:49.576482
BukitBangkai_Mesolithic,data/google-drive-pdfs/BukitBangkai_Mesolithic.pdf,7,34694,0.00,2026-03-25T20:17:49.576756
BuniPottery,data/google-drive-pdfs/BuniPottery.pdf,1,0,0.00,2026-03-25T20:17:49.576900
BurialJarTradition,data/google-drive-pdfs/BurialJarTradition.pdf,25,79747,0.00,2026-03-25T20:17:49.577333
Burmese Crafts Past and Present by Sylvia Fraser-Lu (z-lib.org) (1),data/google-drive-pdfs/Burmese Crafts Past and Present by Sylvia Fraser-Lu (z-lib.org) (1).pdf,424,0,0.00,2026-03-25T20:17:49.577641
Butta Toa,data/google-drive-pdfs/Butta Toa.pdf,215,357810,0.00,2026-03-25T20:17:49.578755
CPAS 3 WEBINAR final akulturasi 22062022_220620_222309,data/google-drive-pdfs/CPAS 3 WEBINAR final akulturasi 22062022_220620_222309.pdf,62,11058,0.00,2026-03-25T20:17:49.578991
Caloetal.Antiquity2015,data/google-drive-pdfs/Caloetal.Antiquity2015.pdf,21,47290,0.00,2026-03-25T20:17:49.579377
Ceritera Rakyat Daerah Bengkulu by Tim Penyusun (z-lib.org),data/google-drive-pdfs/Ceritera Rakyat Daerah Bengkulu by Tim Penyusun (z-lib.org).pdf,136,229117,0.00,2026-03-25T20:17:49.580183
Chapter BACKGROUND_GnPadang_Yondri-2,data/google-drive-pdfs/Chapter BACKGROUND_GnPadang_Yondri-2.pdf,4,6968,0.00,2026-03-25T20:17:49.580367
Chapter BACKGROUND_GnPadang_Yondri,data/google-drive-pdfs/Chapter BACKGROUND_GnPadang_Yondri.pdf,3,6992,0.00,2026-03-25T20:17:49.580520
Cherry_Human-lithocase-pages-deleted-2,data/google-drive-pdfs/Cherry_Human-lithocase-pages-deleted-2.pdf,11,15308,0.00,2026-03-25T20:17:49.580713
Cherry_Human-lithocase-pages-deleted,data/google-drive-pdfs/Cherry_Human-lithocase-pages-deleted.pdf,11,15308,0.00,2026-03-25T20:17:49.580926
Cherry_Leppard_2015_World_Archaeology,data/google-drive-pdfs/Cherry_Leppard_2015_World_Archaeology.pdf,18,53062,0.00,2026-03-25T20:17:49.581226
ChineseBiDisk,data/google-drive-pdfs/ChineseBiDisk.pdf,21,51669,0.00,2026-03-25T20:17:49.581532
Climate Change in Prehistory The End of the Reign of Chaos (William James Burroughs) (z-lib.org),data/google-drive-pdfs/Climate Change in Prehistory The End of the Reign of Chaos (William James Burroughs) (z-lib.org).pdf,369,772471,0.00,2026-03-25T20:17:49.585826
Cornyetal.2016PrehseaExhibitionCatalogue,data/google-drive-pdfs/Cornyetal.2016PrehseaExhibitionCatalogue.pdf,7,741,0.00,2026-03-25T20:17:49.586027
CuciNegeriCustomaryLaw_Ambon,data/google-drive-pdfs/CuciNegeriCustomaryLaw_Ambon.pdf,13,37592,0.00,2026-03-25T20:17:49.586417
CuciNegriMaluku,data/google-drive-pdfs/CuciNegriMaluku.pdf,13,40018,0.00,2026-03-25T20:17:49.587045
CultureHistoryToaleanSSul,data/google-drive-pdfs/CultureHistoryToaleanSSul.pdf,39,120300,0.00,2026-03-25T20:17:49.587733
Dambu_Matti_Mamasa_Sulawesi,data/google-drive-pdfs/Dambu_Matti_Mamasa_Sulawesi.pdf,14,36918,0.00,2026-03-25T20:17:49.588080
Dayak Benuaq_Rituals_DongSon,data/google-drive-pdfs/Dayak Benuaq_Rituals_DongSon.pdf,7,19964,0.00,2026-03-25T20:17:49.588326
Dayak_Hornbill,data/google-drive-pdfs/Dayak_Hornbill.pdf,18,65723,0.00,2026-03-25T20:17:49.588682
DevelopmentofmarineandterrestrialresourceuseintheTalaudIslands,data/google-drive-pdfs/DevelopmentofmarineandterrestrialresourceuseintheTalaudIslands.pdf,27,70658,0.00,2026-03-25T20:17:49.589067
DiangKaung_DiangBalu_Kalimantan_15000yrrockshelters,data/google-drive-pdfs/DiangKaung_DiangBalu_Kalimantan_15000yrrockshelters.pdf,13,51271,0.00,2026-03-25T20:17:49.589359
DiasporaMelanesiaNusantara,data/google-drive-pdfs/DiasporaMelanesiaNusantara.pdf,475,939941,0.00,2026-03-25T20:17:49.591970
Diaz_Astawikrama,data/google-drive-pdfs/Diaz_Astawikrama.pdf,17,5881,0.00,2026-03-25T20:17:49.592160
Documenting and Revitalizing Austronesian Languages (D. Victoria Rau and Margaret Florey (eds.)) (Z-Library),data/google-drive-pdfs/Documenting and Revitalizing Austronesian Languages (D. Victoria Rau and Margaret Florey (eds.)) (Z-Library).pdf,257,661623,0.00,2026-03-25T20:17:49.594404
Dong Son Drums_Isotope,data/google-drive-pdfs/Dong Son Drums_Isotope.pdf,18,77486,0.00,2026-03-25T20:17:49.594860
DongSonChina,data/google-drive-pdfs/DongSonChina.pdf,27,0,0.00,2026-03-25T20:17:49.595035
DongSonDrums,data/google-drive-pdfs/DongSonDrums.pdf,13,48960,0.00,2026-03-25T20:17:49.595379
EIndonesia_Paleolithic,/Users/cataivancov/IdeaProjects/arke-platform/data/google-drive-pdfs/EIndonesia_Paleolithic.pdf,14,30393,89.20,2026-03-25T20:17:49.595667
EKalimantan_CavesMesolithicBurials,data/google-drive-pdfs/EKalimantan_CavesMesolithicBurials.pdf,8,16431,0.00,2026-03-25T20:17:49.595937
ERA_BARU_DALAM_KEMITRAAN_PENGELOLAAN_CAGAR_BUDAYA_,data/google-drive-pdfs/ERA_BARU_DALAM_KEMITRAAN_PENGELOLAAN_CAGAR_BUDAYA_.pdf,12,51806,0.00,2026-03-25T20:17:49.596393
EarliestRiceFarming,data/google-drive-pdfs/EarliestRiceFarming.pdf,9,31896,0.00,2026-03-25T20:17:49.596761
Early modern human migration into Sulawesi and Island adaptation in Wallacea,data/google-drive-pdfs/Early modern human migration into Sulawesi and Island adaptation in Wallacea.pdf,16,48433,0.00,2026-03-25T20:17:49.597143
EarlyRiceCultivationSumatra,data/google-drive-pdfs/EarlyRiceCultivationSumatra.pdf,29,92843,0.00,2026-03-25T20:17:49.597587
Early_Traces_Hindu_Buddhist_Influence_Al,data/google-drive-pdfs/Early_Traces_Hindu_Buddhist_Influence_Al.pdf,18,60330,0.00,2026-03-25T20:17:49.597924
Early_ground_axe_technology_in_Wallacea_The_first_,data/google-drive-pdfs/Early_ground_axe_technology_in_Wallacea_The_first_.pdf,26,74014,0.00,2026-03-25T20:17:49.598258
"Emergence and Diversity of Modern Human Behavior in Paleolithic Asia (Yousuke Kaifu, Masami Izuho, Ted Goebel etc.) (z-lib.org)","data/google-drive-pdfs/Emergence and Diversity of Modern Human Behavior in Paleolithic Asia (Yousuke Kaifu, Masami Izuho, Ted Goebel etc.) (z-lib.org).pdf",604,2076855,0.00,2026-03-25T20:17:49.605730
"Encyclopedia of Human Evolution and Prehistory (Eric Delson, Ian Tattersall, John Van Couvering etc.) (z-lib.org)","data/google-drive-pdfs/Encyclopedia of Human Evolution and Prehistory (Eric Delson, Ian Tattersall, John Van Couvering etc.) (z-lib.org).pdf",1656,3569340,0.00,2026-03-25T20:17:49.618967
Ende_Flores_StoneBurial,/Users/cataivancov/IdeaProjects/arke-platform/data/google-drive-pdfs/Ende_Flores_StoneBurial.pdf,6,17271,85.45,2026-03-25T20:17:49.619350
Enrekang_Sul,data/google-drive-pdfs/Enrekang_Sul.pdf,21,45342,0.00,2026-03-25T20:17:49.619722
EurasiaExpansion,data/google-drive-pdfs/EurasiaExpansion.pdf,9,77898,0.00,2026-03-25T20:17:49.620171
FERRIEetal-posterLR,data/google-drive-pdfs/FERRIEetal-posterLR.pdf,2,10183,0.00,2026-03-25T20:17:49.620437
FKIP_PROSIDING_Megalithic culture at the Suco Lor site Bondowoso_NAIM,data/google-drive-pdfs/FKIP_PROSIDING_Megalithic culture at the Suco Lor site Bondowoso_NAIM.pdf,30,75553,0.00,2026-03-25T20:17:49.620839
Fakfak_Papua_Sosoraweru,data/google-drive-pdfs/Fakfak_Papua_Sosoraweru.pdf,12,25942,0.00,2026-03-25T20:17:49.621106
Fertility Rites Majapahit,data/google-drive-pdfs/Fertility Rites Majapahit.pdf,26,86677,0.00,2026-03-25T20:17:49.621572
First Islanders Prehistory and Human Migration in Island Southeast Asia by Peter Bellwood (z-lib.org),data/google-drive-pdfs/First Islanders Prehistory and Human Migration in Island Southeast Asia by Peter Bellwood (z-lib.org).pdf,390,1100543,0.00,2026-03-25T20:17:49.624519
First_Islanders_Human_Origins_Patrimony 2,data/google-drive-pdfs/First_Islanders_Human_Origins_Patrimony 2.pdf,109,135833,0.00,2026-03-25T20:17:49.625172
First_Islanders_Human_Origins_Patrimony,data/google-drive-pdfs/First_Islanders_Human_Origins_Patrimony.pdf,109,135833,0.00,2026-03-25T20:17:49.625756
Fishhooks  Lures  and Sinkers  Intensive Manufacture of Marine Technology from the Terminal Pleistocene at Makpan Cave  Alor Island  Indonesia,data/google-drive-pdfs/Fishhooks  Lures  and Sinkers  Intensive Manufacture of Marine Technology from the Terminal Pleistocene at Makpan Cave  Alor Island  Indonesia.pdf,21,51226,0.00,2026-03-25T20:17:49.626113
FlakingStone_matano_SSul,data/google-drive-pdfs/FlakingStone_matano_SSul.pdf,12,51755,0.00,2026-03-25T20:17:49.626411
Fluid Iron State Formation in Southeast Asia by Tony Day (z-lib.org),data/google-drive-pdfs/Fluid Iron State Formation in Southeast Asia by Tony Day (z-lib.org).pdf,353,827257,0.00,2026-03-25T20:17:49.628626
Foraging to Farming SEAsia,data/google-drive-pdfs/Foraging to Farming SEAsia.pdf,26,92922,0.00,2026-03-25T20:17:49.629474
FortifiedWallaceaSites,data/google-drive-pdfs/FortifiedWallaceaSites.pdf,37,75242,0.00,2026-03-25T20:17:49.630011
From Arabia to the Pacific How Our Species Colonised Asia (Robin Dennell) (z-lib.org),data/google-drive-pdfs/From Arabia to the Pacific How Our Species Colonised Asia (Robin Dennell) (z-lib.org).pdf,387,943888,0.00,2026-03-25T20:17:49.632898
From_Arabia_to_the_Pacific_How_Our_Species_Colonis..._----_(PART_1_Prologue_the_southern_dispersal_across_Asia)-2,data/google-drive-pdfs/From_Arabia_to_the_Pacific_How_Our_Species_Colonis..._----_(PART_1_Prologue_the_southern_dispersal_across_Asia)-2.pdf,29,77352,0.00,2026-03-25T20:17:49.633348
From_Arabia_to_the_Pacific_How_Our_Species_Colonis..._----_(PART_1_Prologue_the_southern_dispersal_across_Asia),data/google-drive-pdfs/From_Arabia_to_the_Pacific_How_Our_Species_Colonis..._----_(PART_1_Prologue_the_southern_dispersal_across_Asia).pdf,32,88947,0.00,2026-03-25T20:17:49.633741
From_Arabia_to_the_Pacific_How_Our_Species_Colonis..._----_(PART_2_Prologue_the_northern_dispersal_across_Asia),data/google-drive-pdfs/From_Arabia_to_the_Pacific_How_Our_Species_Colonis..._----_(PART_2_Prologue_the_northern_dispersal_across_Asia).pdf,11,33879,0.00,2026-03-25T20:17:49.634005
Fuentesetal.Technological,data/google-drive-pdfs/Fuentesetal.Technological.pdf,15,75230,0.00,2026-03-25T20:17:49.634458
Furnace_Iron_,data/google-drive-pdfs/Furnace_Iron_.pdf,12,33280,0.00,2026-03-25T20:17:49.634697
GBE1_bali_book,data/google-drive-pdfs/GBE1_bali_book.pdf,314,576247,0.00,2026-03-25T20:17:49.636495
GSewu_Pacitan,data/google-drive-pdfs/GSewu_Pacitan.pdf,16,46226,0.00,2026-03-25T20:17:49.636878
Gadjah Putih Iskandar Muda by M. Junus Djamil (z-lib.org),data/google-drive-pdfs/Gadjah Putih Iskandar Muda by M. Junus Djamil (z-lib.org).pdf,157,259672,0.00,2026-03-25T20:17:49.637767
Gebe,data/google-drive-pdfs/Gebe.pdf,31,81846,0.00,2026-03-25T20:17:49.638204
Glass+Stonebeads_SEAsia,data/google-drive-pdfs/Glass+Stonebeads_SEAsia.pdf,14,88794,0.00,2026-03-25T20:17:49.638570
Glover_TimorSites,data/google-drive-pdfs/Glover_TimorSites.pdf,419,564559,0.00,2026-03-25T20:17:49.640323
GoaKampret_Hoabinh_Sumatra,data/google-drive-pdfs/GoaKampret_Hoabinh_Sumatra.pdf,16,30192,0.00,2026-03-25T20:17:49.640640
GoaTopogaro_Sulawesi_Holocene_BoneLithic,data/google-drive-pdfs/GoaTopogaro_Sulawesi_Holocene_BoneLithic.pdf,20,102978,0.00,2026-03-25T20:17:49.641049
GoaTopogaro_pleistocene_Sulawesi_AMHdispersalroutes,data/google-drive-pdfs/GoaTopogaro_pleistocene_Sulawesi_AMHdispersalroutes.pdf,17,88186,0.00,2026-03-25T20:17:49.641536
Gua Batu_Kalimantan,data/google-drive-pdfs/Gua Batu_Kalimantan.pdf,16,39873,0.00,2026-03-25T20:17:49.641800
Gua Uhalie_Sulawesi_cave art,data/google-drive-pdfs/Gua Uhalie_Sulawesi_cave art.pdf,16,36054,0.00,2026-03-25T20:17:49.642054
GuaArca_kangean_Java,data/google-drive-pdfs/GuaArca_kangean_Java.pdf,22,51725,0.00,2026-03-25T20:17:49.642327
GuaMabitce_Hoabinh_Sumatra,data/google-drive-pdfs/GuaMabitce_Hoabinh_Sumatra.pdf,14,39154,0.00,2026-03-25T20:17:49.642562
GuaMapkan_Alor,data/google-drive-pdfs/GuaMapkan_Alor.pdf,14,85098,0.00,2026-03-25T20:17:49.642958
GuaMo'oHonoRcokshelter_SSul,data/google-drive-pdfs/GuaMo'oHonoRcokshelter_SSul.pdf,37,92313,0.00,2026-03-25T20:17:49.643400
GuaSitiHalmahera,data/google-drive-pdfs/GuaSitiHalmahera.pdf,7,14532,0.00,2026-03-25T20:17:49.644411
GuaSitiNafisah_Halmahera,data/google-drive-pdfs/GuaSitiNafisah_Halmahera.pdf,7,16554,0.00,2026-03-25T20:17:49.644696
Guangxi Bronze Drums,data/google-drive-pdfs/Guangxi Bronze Drums.pdf,12,52752,0.00,2026-03-25T20:17:49.645010
HEJava,data/google-drive-pdfs/HEJava.pdf,26,64168,0.00,2026-03-25T20:17:49.645375
HERA_FIS_IbM 2017,data/google-drive-pdfs/HERA_FIS_IbM 2017.pdf,89,108448,0.00,2026-03-25T20:17:49.645855
HE_Ngandong,data/google-drive-pdfs/HE_Ngandong.pdf,9,1132,0.00,2026-03-25T20:17:49.646054
HErectus_Trinil,data/google-drive-pdfs/HErectus_Trinil.pdf,18,68099,0.00,2026-03-25T20:17:49.646430
HErectusjava,data/google-drive-pdfs/HErectusjava.pdf,12,73598,0.00,2026-03-25T20:17:49.646827
Heereken_StoneAgeofIndonesia,data/google-drive-pdfs/Heereken_StoneAgeofIndonesia.pdf,331,519379,0.00,2026-03-25T20:17:49.648697
HereSorotEntapaCave_Kisar,data/google-drive-pdfs/HereSorotEntapaCave_Kisar.pdf,12,38219,0.00,2026-03-25T20:17:49.648961
Hikayat Sidi Mara Bajak Laut dari Pantai Barat Sumatra by Pinto Anugrah (z-lib.org),data/google-drive-pdfs/Hikayat Sidi Mara Bajak Laut dari Pantai Barat Sumatra by Pinto Anugrah (z-lib.org).pdf,65,40626,0.00,2026-03-25T20:17:49.649507
Hoabinh Culture,data/google-drive-pdfs/Hoabinh Culture.pdf,387,383335,0.00,2026-03-25T20:17:49.651132
Hoabinh,data/google-drive-pdfs/Hoabinh.pdf,12,29266,0.00,2026-03-25T20:17:49.651432
Hoabinhian_Sumatra,data/google-drive-pdfs/Hoabinhian_Sumatra.pdf,10,28404,0.00,2026-03-25T20:17:49.651710
HoabinhianandAustronesian,data/google-drive-pdfs/HoabinhianandAustronesian.pdf,12,37745,0.00,2026-03-25T20:17:49.651971
HoloceneOccupSulawesi,data/google-drive-pdfs/HoloceneOccupSulawesi.pdf,25,80157,0.00,2026-03-25T20:17:49.652386
Holocene_BurialPractice_AlorIsland,data/google-drive-pdfs/Holocene_BurialPractice_AlorIsland.pdf,14,85098,0.00,2026-03-25T20:17:49.652738
HomininDiversity_WestIndonesia,data/google-drive-pdfs/HomininDiversity_WestIndonesia.pdf,512,913122,0.00,2026-03-25T20:17:49.655522
HomoEre_Java,data/google-drive-pdfs/HomoEre_Java.pdf,26,64168,0.00,2026-03-25T20:17:49.656199
HomoMojokertensis,data/google-drive-pdfs/HomoMojokertensis.pdf,33,105674,0.00,2026-03-25T20:17:49.656650
"Human Origins Contributions from Social Anthropology (Camilla Power (ed.), Morna Finnegan (ed.) etc.) (Z-Library)","data/google-drive-pdfs/Human Origins Contributions from Social Anthropology (Camilla Power (ed.), Morna Finnegan (ed.) etc.) (Z-Library).pdf",365,903706,0.00,2026-03-25T20:17:49.658987
HumanAndStone,data/google-drive-pdfs/HumanAndStone.pdf,43,106053,0.00,2026-03-25T20:17:49.659436
HumanEvTerms,data/google-drive-pdfs/HumanEvTerms.pdf,4,26502,0.00,2026-03-25T20:17:49.659751
HumanOccupEKal,data/google-drive-pdfs/HumanOccupEKal.pdf,29,78040,0.00,2026-03-25T20:17:49.660144
HumanOriginsHeritageconstruireunprogrammedarchologieparticipativeenprhistoireancienneJavaIndonsie,data/google-drive-pdfs/HumanOriginsHeritageconstruireunprogrammedarchologieparticipativeenprhistoireancienneJavaIndonsie.pdf,2,4649,0.00,2026-03-25T20:17:49.660318
Human_evolution_in_Sunda_and_Sahul_and_the_continu 2,data/google-drive-pdfs/Human_evolution_in_Sunda_and_Sahul_and_the_continu 2.pdf,29,59246,0.00,2026-03-25T20:17:49.660774
Human_evolution_in_Sunda_and_Sahul_and_the_continu,data/google-drive-pdfs/Human_evolution_in_Sunda_and_Sahul_and_the_continu.pdf,29,59246,0.00,2026-03-25T20:17:49.661125
Hung2019_ReferenceWorkEntry_HistoryAndCurrentDebatesOfArch,data/google-drive-pdfs/Hung2019_ReferenceWorkEntry_HistoryAndCurrentDebatesOfArch.pdf,22,74084,0.00,2026-03-25T20:17:49.661493
Hungetal.2013CoastalConnectivity,data/google-drive-pdfs/Hungetal.2013CoastalConnectivity.pdf,23,62853,0.00,2026-03-25T20:17:49.662142
Hunting_Holocene_Java,data/google-drive-pdfs/Hunting_Holocene_Java.pdf,3,11300,0.00,2026-03-25T20:17:49.662342
IASTE_2008_Conference_Proceedings,data/google-drive-pdfs/IASTE_2008_Conference_Proceedings.pdf,109,506236,0.00,2026-03-25T20:17:49.663845
INFLUENCE_Priyatno+Hadi+Sulistyarto_CS1+PAYMENT,data/google-drive-pdfs/INFLUENCE_Priyatno+Hadi+Sulistyarto_CS1+PAYMENT.pdf,10,29638,0.00,2026-03-25T20:17:49.664075
Images of the Wildman in Southeast Asia_25_04_02_18_20_39,data/google-drive-pdfs/Images of the Wildman in Southeast Asia_25_04_02_18_20_39.pdf,360,1028596,0.00,2026-03-25T20:17:49.666811
Indonesian_LithicProduction,data/google-drive-pdfs/Indonesian_LithicProduction.pdf,73,172910,0.00,2026-03-25T20:17:49.667445
Indonesian_Megaliths_A_Forgotten_Cultura,data/google-drive-pdfs/Indonesian_Megaliths_A_Forgotten_Cultura.pdf,117,153521,0.00,2026-03-25T20:17:49.668037
Indonesian_megaliths_as_the_result_of_th,data/google-drive-pdfs/Indonesian_megaliths_as_the_result_of_th.pdf,33,61743,0.00,2026-03-25T20:17:49.668589
InitialOccupationWallacea and Sahul,/Users/cataivancov/IdeaProjects/arke-platform/data/google-drive-pdfs/InitialOccupationWallacea and Sahul.pdf,13,58711,89.75,2026-03-25T20:17:49.668929
IntroToRockArtConservation,data/google-drive-pdfs/IntroToRockArtConservation.pdf,96,125916,0.00,2026-03-25T20:17:49.669830
Investigations_on_Gebe_Island,data/google-drive-pdfs/Investigations_on_Gebe_Island.pdf,32,76710,0.00,2026-03-25T20:17:49.670355
IraAra_TimorLesteBurial,data/google-drive-pdfs/IraAra_TimorLesteBurial.pdf,19,49422,0.00,2026-03-25T20:17:49.670660
JarBurialS_Aru_Mollucas,data/google-drive-pdfs/JarBurialS_Aru_Mollucas.pdf,17,39775,0.00,2026-03-25T20:17:49.670903
Jejak-Langkah_Page_47_Compressed,data/google-drive-pdfs/Jejak-Langkah_Page_47_Compressed.pdf,1,0,0.00,2026-03-25T20:17:49.671048
KaimearRockArt_Kei,data/google-drive-pdfs/KaimearRockArt_Kei.pdf,12,36948,0.00,2026-03-25T20:17:49.671295
Kalimantan_KimanisLubangPayauRockShelters,data/google-drive-pdfs/Kalimantan_KimanisLubangPayauRockShelters.pdf,194,0,0.00,2026-03-25T20:17:49.671435
KampaiGlassBeads,data/google-drive-pdfs/KampaiGlassBeads.pdf,12,41080,0.00,2026-03-25T20:17:49.671680
Karakteristik_Genetik_Populasi_Kuno_Pulau_Bali_San,data/google-drive-pdfs/Karakteristik_Genetik_Populasi_Kuno_Pulau_Bali_San.pdf,26,66799,0.00,2026-03-25T20:17:49.673112
KaramaValley_WestSulawesi,data/google-drive-pdfs/KaramaValley_WestSulawesi.pdf,8,14206,0.00,2026-03-25T20:17:49.673424
KaramaWatershed,data/google-drive-pdfs/KaramaWatershed.pdf,8,14206,0.00,2026-03-25T20:17:49.673592
Karama_mamuju_Cranial,data/google-drive-pdfs/Karama_mamuju_Cranial.pdf,411,0,0.00,2026-03-25T20:17:49.673733
Kaudern+1921+Indonesian+Jilid+I-2,data/google-drive-pdfs/Kaudern+1921+Indonesian+Jilid+I-2.pdf,149,384257,0.00,2026-03-25T20:17:49.674884
Kaudern+1921+Indonesian+Jilid+I,data/google-drive-pdfs/Kaudern+1921+Indonesian+Jilid+I.pdf,149,425102,0.00,2026-03-25T20:17:49.676130
KayoaRockshelters_halmahera,data/google-drive-pdfs/KayoaRockshelters_halmahera.pdf,11,25643,0.00,2026-03-25T20:17:49.676533
Kubur_Tempayan_di_Kabupaten_Alor_NTT_201320200127-51557-y49nrp-with-cover-page-v2,data/google-drive-pdfs/Kubur_Tempayan_di_Kabupaten_Alor_NTT_201320200127-51557-y49nrp-with-cover-page-v2.pdf,11,33496,0.00,2026-03-25T20:17:49.677175
LB1Flores_SingularitynotTaxon,data/google-drive-pdfs/LB1Flores_SingularitynotTaxon.pdf,6,41949,0.00,2026-03-25T20:17:49.678617
LaingAbu_Kalimantan_500ADPottery,data/google-drive-pdfs/LaingAbu_Kalimantan_500ADPottery.pdf,15,52915,0.00,2026-03-25T20:17:49.679696
Lakukang_SBoneSulawesi_Megalithic,/Users/cataivancov/IdeaProjects/arke-platform/data/google-drive-pdfs/Lakukang_SBoneSulawesi_Megalithic.pdf,16,33204,81.19,2026-03-25T20:17:49.680145
Laporan_Karst_Lengkap1,data/google-drive-pdfs/Laporan_Karst_Lengkap1.pdf,127,151319,0.00,2026-03-25T20:17:49.680779
Lascivia - Diciembre 2014 by Mag (z-lib.org),data/google-drive-pdfs/Lascivia - Diciembre 2014 by Mag (z-lib.org).pdf,122,92387,0.00,2026-03-25T20:17:49.681815
LeangBattiCave_Holocene_Sulawesi,data/google-drive-pdfs/LeangBattiCave_Holocene_Sulawesi.pdf,24,55251,0.00,2026-03-25T20:17:49.682157
LeangJarie_Maros_Toalean,data/google-drive-pdfs/LeangJarie_Maros_Toalean.pdf,17,48054,0.00,2026-03-25T20:17:49.682798
LeangRakkoe_Maros_Tolean,data/google-drive-pdfs/LeangRakkoe_Maros_Tolean.pdf,14,33040,0.00,2026-03-25T20:17:49.683098
LeangSarruRockshelter_Talaud,data/google-drive-pdfs/LeangSarruRockshelter_Talaud.pdf,5,16255,0.00,2026-03-25T20:17:49.683321
LeangSarru_Occup,data/google-drive-pdfs/LeangSarru_Occup.pdf,5,16255,0.00,2026-03-25T20:17:49.683503
LeangSarru_Pleistocene,data/google-drive-pdfs/LeangSarru_Pleistocene.pdf,24,62565,0.00,2026-03-25T20:17:49.683921
LeangSarru_Topogaru_Wallacea,data/google-drive-pdfs/LeangSarru_Topogaru_Wallacea.pdf,9,28721,0.00,2026-03-25T20:17:49.684143
Lembah Walanae,data/google-drive-pdfs/Lembah Walanae.pdf,264,445265,0.00,2026-03-25T20:17:49.685344
Liang Pemalawan (en),data/google-drive-pdfs/Liang Pemalawan (en).pdf,5,2941,0.00,2026-03-25T20:17:49.685532
LiangAbu_KimanisRockshelters_Borneo,data/google-drive-pdfs/LiangAbu_KimanisRockshelters_Borneo.pdf,40,113884,0.00,2026-03-25T20:17:49.685981
LingAustronesian,data/google-drive-pdfs/LingAustronesian.pdf,19,66353,0.00,2026-03-25T20:17:49.686436
ListCavesRockshelters,data/google-drive-pdfs/ListCavesRockshelters.pdf,33,96955,0.00,2026-03-25T20:17:49.686802
"Lithic Materials and Paleolithic Societies (Brian Adams, Brooke Blades) (z-lib.org)","data/google-drive-pdfs/Lithic Materials and Paleolithic Societies (Brian Adams, Brooke Blades) (z-lib.org).pdf",305,1104600,0.00,2026-03-25T20:17:49.689682
"Lithic Technology Measures of Production, Use and Curation (William Andrefsky Jr.) (z-lib.org)","data/google-drive-pdfs/Lithic Technology Measures of Production, Use and Curation (William Andrefsky Jr.) (z-lib.org).pdf",360,654868,0.00,2026-03-25T20:17:49.691531
LithicArtefacts_Moluccas_halmahera,data/google-drive-pdfs/LithicArtefacts_Moluccas_halmahera.pdf,15,34057,0.00,2026-03-25T20:17:49.692402
Lithic_Pleistocene_Wallacea,data/google-drive-pdfs/Lithic_Pleistocene_Wallacea.pdf,13,56311,0.00,2026-03-25T20:17:49.692708
Liyangan dan Kita - a Photobook,data/google-drive-pdfs/Liyangan dan Kita - a Photobook.pdf,46,36829,0.00,2026-03-25T20:17:49.692987
LoloGedang,/Users/cataivancov/IdeaProjects/arke-platform/data/google-drive-pdfs/LoloGedang.pdf,16,48797,90.32,2026-03-25T20:17:49.693292
LoloGedang_Jambi_BurialJars,data/google-drive-pdfs/LoloGedang_Jambi_BurialJars.pdf,10,26241,0.00,2026-03-25T20:17:49.693553
LoloGedang_JarBurial_Jambi,/Users/cataivancov/IdeaProjects/arke-platform/data/google-drive-pdfs/LoloGedang_JarBurial_Jambi.pdf,16,48797,90.32,2026-03-25T20:17:49.693819
MEGALIT_DAN_KUBUR_TEMPAYAN_DATARAN_TINGGI_JAMBI_DA,data/google-drive-pdfs/MEGALIT_DAN_KUBUR_TEMPAYAN_DATARAN_TINGGI_JAMBI_DA.pdf,16,36774,0.00,2026-03-25T20:17:49.694105
MUSSI_M_2011_Paleo_landscapes_and_vulner,data/google-drive-pdfs/MUSSI_M_2011_Paleo_landscapes_and_vulner.pdf,18,49306,0.00,2026-03-25T20:17:49.694437
Mabedda Bola ritual in South Sulawesi; The relationship between h,data/google-drive-pdfs/Mabedda Bola ritual in South Sulawesi; The relationship between h.pdf,27,46620,0.00,2026-03-25T20:17:49.695023
Magie_van_de_Vrouw_Magic_of_Women_Textil,data/google-drive-pdfs/Magie_van_de_Vrouw_Magic_of_Women_Textil.pdf,8,17581,0.00,2026-03-25T20:17:49.695257
Maluku_Babar_Wetang,data/google-drive-pdfs/Maluku_Babar_Wetang.pdf,15,56264,0.00,2026-03-25T20:17:49.695614
Mansiri_Sulawesi_Lapita,data/google-drive-pdfs/Mansiri_Sulawesi_Lapita.pdf,17,43116,0.00,2026-03-25T20:17:49.695975
MaritimeSEAsia,data/google-drive-pdfs/MaritimeSEAsia.pdf,7,44986,0.00,2026-03-25T20:17:49.696713
Measuring_the_damage_rate_of_prehistoric_cave_imag,data/google-drive-pdfs/Measuring_the_damage_rate_of_prehistoric_cave_imag.pdf,11,30465,0.00,2026-03-25T20:17:49.696961
MegalithicCandi,data/google-drive-pdfs/MegalithicCandi.pdf,21,37018,0.00,2026-03-25T20:17:49.697356
Menepis Kabut Pawitra by Bambang Budi Utomo (editor) (z-lib.org),data/google-drive-pdfs/Menepis Kabut Pawitra by Bambang Budi Utomo (editor) (z-lib.org).pdf,40,0,0.00,2026-03-25T20:17:49.697539
Mesolithic_Sampung_Java,data/google-drive-pdfs/Mesolithic_Sampung_Java.pdf,13,28701,0.00,2026-03-25T20:17:49.697764
MicrolithsWadjak,data/google-drive-pdfs/MicrolithsWadjak.pdf,13,33793,0.00,2026-03-25T20:17:49.698046
Minimum_founding_populations_for_the_first_peoplin,data/google-drive-pdfs/Minimum_founding_populations_for_the_first_peoplin.pdf,13,78030,0.00,2026-03-25T20:17:49.698474
Moluccas Prehistory,data/google-drive-pdfs/Moluccas Prehistory.pdf,13,39908,0.00,2026-03-25T20:17:49.698709
MoluccasHumanRem,data/google-drive-pdfs/MoluccasHumanRem.pdf,35,96615,0.00,2026-03-25T20:17:49.699124
MoluccasNeolithicHumanRemains,data/google-drive-pdfs/MoluccasNeolithicHumanRemains.pdf,11,27953,0.00,2026-03-25T20:17:49.699505
Moluccas_BoneShells,data/google-drive-pdfs/Moluccas_BoneShells.pdf,33,84754,0.00,2026-03-25T20:17:49.699874
Morotai,data/google-drive-pdfs/Morotai.pdf,17,41242,0.00,2026-03-25T20:17:49.700242
Morotai_Investig,data/google-drive-pdfs/Morotai_Investig.pdf,17,44712,0.00,2026-03-25T20:17:49.700550
MortuaryPatternsSEAsia,data/google-drive-pdfs/MortuaryPatternsSEAsia.pdf,566,989087,0.00,2026-03-25T20:17:49.703285
MuaraBetung_UluMusi_Sumatra,/Users/cataivancov/IdeaProjects/arke-platform/data/google-drive-pdfs/MuaraBetung_UluMusi_Sumatra.pdf,19,35576,88.81,2026-03-25T20:17:49.703692
Muna_Sites,data/google-drive-pdfs/Muna_Sites.pdf,9,22735,0.00,2026-03-25T20:17:49.703966
NESIAN_LANGUAGE_AS_A_NATIONAL_IDENTITY_IN_THE_MILLENNIAL_ERA,data/google-drive-pdfs/NESIAN_LANGUAGE_AS_A_NATIONAL_IDENTITY_IN_THE_MILLENNIAL_ERA.pdf,11,27461,0.00,2026-03-25T20:17:49.704520
NMaluku_MetalAge_Pottery,data/google-drive-pdfs/NMaluku_MetalAge_Pottery.pdf,14,44448,0.00,2026-03-25T20:17:49.704801
NMoluccasResearch,data/google-drive-pdfs/NMoluccasResearch.pdf,15,42008,0.00,2026-03-25T20:17:49.705091
NTT_AustronesianSites,data/google-drive-pdfs/NTT_AustronesianSites.pdf,15,42913,0.00,2026-03-25T20:17:49.705376
Nattawut Usavagovitwong_Mentor Profile,data/google-drive-pdfs/Nattawut Usavagovitwong_Mentor Profile.pdf,4,4926,0.00,2026-03-25T20:17:49.705581
Natuna,data/google-drive-pdfs/Natuna.pdf,21,50582,0.00,2026-03-25T20:17:49.705885
Nekara_Makalamau_sebagai_material_cultur,data/google-drive-pdfs/Nekara_Makalamau_sebagai_material_cultur.pdf,10,21154,0.00,2026-03-25T20:17:49.706153
NeolithicMigrationIndonesia,data/google-drive-pdfs/NeolithicMigrationIndonesia.pdf,13,40287,0.00,2026-03-25T20:17:49.706432
NeolithicTasikmalaya_Lebak_Java,data/google-drive-pdfs/NeolithicTasikmalaya_Lebak_Java.pdf,8,18725,0.00,2026-03-25T20:17:49.706662
Neolithic_MinangaSipakko_Sulawesi,data/google-drive-pdfs/Neolithic_MinangaSipakko_Sulawesi.pdf,8,26716,0.00,2026-03-25T20:17:49.706941
New archaeological discoveries in north-central Timor-Leste indicate sociocultural adaptations to landscape change during the Holocene,data/google-drive-pdfs/New archaeological discoveries in north-central Timor-Leste indicate sociocultural adaptations to landscape change during the Holocene.pdf,35,85804,0.00,2026-03-25T20:17:49.707336
News_Using_the_length_of_the_2nd_to_4th_digit_rati,data/google-drive-pdfs/News_Using_the_length_of_the_2nd_to_4th_digit_rati.pdf,8,23355,0.00,2026-03-25T20:17:49.707586
NiasMapEnglish,data/google-drive-pdfs/NiasMapEnglish.pdf,1,11324,0.00,2026-03-25T20:17:49.707767
NorthMaluku_PleistoceneHolocene_Caves,data/google-drive-pdfs/NorthMaluku_PleistoceneHolocene_Caves.pdf,12,49645,0.00,2026-03-25T20:17:49.708173
OConnor2006UnpackingISEANeolithic,data/google-drive-pdfs/OConnor2006UnpackingISEANeolithic.pdf,32,102569,0.00,2026-03-25T20:17:49.708581
OConnoretal.2017-CAJ_ideology_ritual_Kisar,data/google-drive-pdfs/OConnoretal.2017-CAJ_ideology_ritual_Kisar.pdf,18,45861,0.00,2026-03-25T20:17:49.708860
Observations_on_the_Northern_Moluccan_excavated_an,data/google-drive-pdfs/Observations_on_the_Northern_Moluccan_excavated_an.pdf,33,79824,0.00,2026-03-25T20:17:49.709207
Obsidian_SEAsia,data/google-drive-pdfs/Obsidian_SEAsia.pdf,9,62915,0.00,2026-03-25T20:17:49.709518
Okupasi Dolina Kidang 121219 small,data/google-drive-pdfs/Okupasi Dolina Kidang 121219 small.pdf,202,0,0.00,2026-03-25T20:17:49.709829
Oldest_human_occupation_of_Wallacea_at_Laili_Cave_,data/google-drive-pdfs/Oldest_human_occupation_of_Wallacea_at_Laili_Cave_.pdf,16,76403,0.00,2026-03-25T20:17:49.710195
OnoPawlik2024_ThePrehistoryofHumanMigration_IntechOpen_105160,data/google-drive-pdfs/OnoPawlik2024_ThePrehistoryofHumanMigration_IntechOpen_105160.pdf,185,475655,0.00,2026-03-25T20:17:49.711618
Onto_Bantaeng_Sul,data/google-drive-pdfs/Onto_Bantaeng_Sul.pdf,15,40921,0.00,2026-03-25T20:17:49.711943
Osteobiografi_Rangka_Manusia_Situs_Liang_Bangkai_1,data/google-drive-pdfs/Osteobiografi_Rangka_Manusia_Situs_Liang_Bangkai_1.pdf,21,57790,0.00,2026-03-25T20:17:49.712280
"Out of Africa I The First Hominin Colonization of Eurasia (Meave Leakey, Lars Werdelin (auth.) etc.) (z-lib.org)","data/google-drive-pdfs/Out of Africa I The First Hominin Colonization of Eurasia (Meave Leakey, Lars Werdelin (auth.) etc.) (z-lib.org).pdf",304,1353036,0.00,2026-03-25T20:17:49.715504
OutofAfricaintoAsiaRoutes,data/google-drive-pdfs/OutofAfricaintoAsiaRoutes.pdf,14,114785,0.00,2026-03-25T20:17:49.715962
OutofTaiwan_austronesian_LiangdaoMan,data/google-drive-pdfs/OutofTaiwan_austronesian_LiangdaoMan.pdf,11,55548,0.00,2026-03-25T20:17:49.716447
PAy_Neolithic,data/google-drive-pdfs/PAy_Neolithic.pdf,23,51475,0.00,2026-03-25T20:17:49.716719
PELESTARIAN_GUA-GUA_PRASEJARAH_DI_KAWASAN_KARST_SA-2,data/google-drive-pdfs/PELESTARIAN_GUA-GUA_PRASEJARAH_DI_KAWASAN_KARST_SA-2.pdf,12,37011,0.00,2026-03-25T20:17:49.717017
PELESTARIAN_GUA-GUA_PRASEJARAH_DI_KAWASAN_KARST_SA,data/google-drive-pdfs/PELESTARIAN_GUA-GUA_PRASEJARAH_DI_KAWASAN_KARST_SA.pdf,12,37581,0.00,2026-03-25T20:17:49.717291
PENELITIAN-SITUS-GUA-HUNIAN-DI-KAWASAN-KARST-MANTEWE-KABUPATEN-TANAH-BUMBU-KALIMANTAN-SELATAN-,data/google-drive-pdfs/PENELITIAN-SITUS-GUA-HUNIAN-DI-KAWASAN-KARST-MANTEWE-KABUPATEN-TANAH-BUMBU-KALIMANTAN-SELATAN-.pdf,18,0,0.00,2026-03-25T20:17:49.717570
PT-Semen-ENG,data/google-drive-pdfs/PT-Semen-ENG.pdf,21,42894,0.00,2026-03-25T20:17:49.717900
PacitanSites,data/google-drive-pdfs/PacitanSites.pdf,9,29908,0.00,2026-03-25T20:17:49.718103
PainHakka_flores_Neolithic,data/google-drive-pdfs/PainHakka_flores_Neolithic.pdf,18,46178,0.00,2026-03-25T20:17:49.718378
"Painted Sites, Sacred Sites_NHT","data/google-drive-pdfs/Painted Sites, Sacred Sites_NHT.pdf",576,797772,0.00,2026-03-25T20:17:49.720524
Palaeoenvironments_and_hominin_evolutionary_dynami,data/google-drive-pdfs/Palaeoenvironments_and_hominin_evolutionary_dynami.pdf,14,73881,0.00,2026-03-25T20:17:49.721043
Palaeolithic_seafaring_in_East_Asia_testing_the_ba,data/google-drive-pdfs/Palaeolithic_seafaring_in_East_Asia_testing_the_ba.pdf,18,43200,0.00,2026-03-25T20:17:49.721308
Paleoenvironmental Conditions Paleolithic Java,data/google-drive-pdfs/Paleoenvironmental Conditions Paleolithic Java.pdf,8,34024,0.00,2026-03-25T20:17:49.721558
Paleolithic Fauna,data/google-drive-pdfs/Paleolithic Fauna.pdf,6,35007,0.00,2026-03-25T20:17:49.721763
PaleolithicChronologyIndonesia,data/google-drive-pdfs/PaleolithicChronologyIndonesia.pdf,4,28287,0.00,2026-03-25T20:17:49.721998
Pasemah_StoneBurial,data/google-drive-pdfs/Pasemah_StoneBurial.pdf,15,27771,0.00,2026-03-25T20:17:49.722243
Pattuku_BalangMettiCave_Sulawesi,data/google-drive-pdfs/Pattuku_BalangMettiCave_Sulawesi.pdf,12,29046,0.00,2026-03-25T20:17:49.722673
PawonMan,data/google-drive-pdfs/PawonMan.pdf,10,22174,0.00,2026-03-25T20:17:49.722790
"Penelusuran Sejarah Peradaban Jakarta by Susanto Zuhdi, Hasan Djafar, Yasmine Zaki Shahab, Andi Sopandi, Siti Gomo Attas, Muhammad Iskandar, Yahya Andi Saputra (z-lib.org)","data/google-drive-pdfs/Penelusuran Sejarah Peradaban Jakarta by Susanto Zuhdi, Hasan Djafar, Yasmine Zaki Shahab, Andi Sopandi, Siti Gomo Attas, Muhammad Iskandar, Yahya Andi Saputra (z-lib.org).pdf",186,540508,0.00,2026-03-25T20:17:49.724591
"Peninggalan Tradisi Megalitik di Daerah Cianjur, Jawa Barat by Haris Sukendar (z-lib.org)","data/google-drive-pdfs/Peninggalan Tradisi Megalitik di Daerah Cianjur, Jawa Barat by Haris Sukendar (z-lib.org).pdf",80,150791,0.00,2026-03-25T20:17:49.725150
Perspectives_on_meaning_the_unique_petro,data/google-drive-pdfs/Perspectives_on_meaning_the_unique_petro.pdf,16,34383,0.00,2026-03-25T20:17:49.725447
Physical_Cranial_of_Wajak_Man_(Buletin_geologi_itb),data/google-drive-pdfs/Physical_Cranial_of_Wajak_Man_(Buletin_geologi_itb).pdf,9,19899,0.00,2026-03-25T20:17:49.725667
Pithecantropus to Homo Erectus-2,data/google-drive-pdfs/Pithecantropus to Homo Erectus-2.pdf,17,31989,0.00,2026-03-25T20:17:49.725920
Pithecantropus to Homo Erectus-3,data/google-drive-pdfs/Pithecantropus to Homo Erectus-3.pdf,17,31963,0.00,2026-03-25T20:17:49.726275
Pithecantropus to Homo Erectus,data/google-drive-pdfs/Pithecantropus to Homo Erectus.pdf,17,32426,0.00,2026-03-25T20:17:49.726490
PleistoceneHSapSulawesi,data/google-drive-pdfs/PleistoceneHSapSulawesi.pdf,27,85190,0.00,2026-03-25T20:17:49.726868
PleistocenePapua,data/google-drive-pdfs/PleistocenePapua.pdf,5,21211,0.00,2026-03-25T20:17:49.727049
Pleistocene_PatiayamJava,data/google-drive-pdfs/Pleistocene_PatiayamJava.pdf,222,271766,0.00,2026-03-25T20:17:49.727936
Pleistocene_Sangiran_Java,data/google-drive-pdfs/Pleistocene_Sangiran_Java.pdf,6,28849,0.00,2026-03-25T20:17:49.728207
Plutniak-etal_2014_new-ceramic-data-from-east-kalimantan,data/google-drive-pdfs/Plutniak-etal_2014_new-ceramic-data-from-east-kalimantan.pdf,10,37038,0.00,2026-03-25T20:17:49.728423
Potensi_Budaya_Kemaritiman_di_Wilayah_Ra,data/google-drive-pdfs/Potensi_Budaya_Kemaritiman_di_Wilayah_Ra.pdf,8,21127,0.00,2026-03-25T20:17:49.728677
PreSriwijayaCivil,data/google-drive-pdfs/PreSriwijayaCivil.pdf,14,40717,0.00,2026-03-25T20:17:49.729059
Prehistoric Investigations From Denisovans to Neanderthals DNA to stable isotopes hunter-gathers to farmers stone knapping... (Christopher Seddon) (z-lib.org),data/google-drive-pdfs/Prehistoric Investigations From Denisovans to Neanderthals DNA to stable isotopes hunter-gathers to farmers stone knapping... (Christopher Seddon) (z-lib.org).pdf,326,601035,0.00,2026-03-25T20:17:49.730814
PrehistoricJavaSumatra,data/google-drive-pdfs/PrehistoricJavaSumatra.pdf,28,55284,0.00,2026-03-25T20:17:49.731283
PrehistoricPortsMalay,data/google-drive-pdfs/PrehistoricPortsMalay.pdf,32,83622,0.00,2026-03-25T20:17:49.731702
Prehistory of the Indo-Malaysian Archipelago by Peter Bellwood (z-lib.org),data/google-drive-pdfs/Prehistory of the Indo-Malaysian Archipelago by Peter Bellwood (z-lib.org).pdf,445,16261,0.00,2026-03-25T20:17:49.731939
Prehistory,data/google-drive-pdfs/Prehistory.pdf,12,44459,0.00,2026-03-25T20:17:49.732229
PrehistoryNEIndonesia,data/google-drive-pdfs/PrehistoryNEIndonesia.pdf,462,0,0.00,2026-03-25T20:17:49.732430
Presentation SG HE_Optimizer_1,data/google-drive-pdfs/Presentation SG HE_Optimizer_1.pdf,20,8912,0.00,2026-03-25T20:17:49.732632
Purwoagung_paleometalic_SSumatra,data/google-drive-pdfs/Purwoagung_paleometalic_SSumatra.pdf,13,57749,0.00,2026-03-25T20:17:49.732933
RAPPORTSULAWESI-2014-OK,data/google-drive-pdfs/RAPPORTSULAWESI-2014-OK.pdf,23,49784,0.00,2026-03-25T20:17:49.733229
Ragam wadah kubur di indonesia,data/google-drive-pdfs/Ragam wadah kubur di indonesia.pdf,88,101425,0.00,2026-03-25T20:17:49.733665
Rambanapu_Sumba_Burial,data/google-drive-pdfs/Rambanapu_Sumba_Burial.pdf,14,43197,0.00,2026-03-25T20:17:49.733999
Ratu Kalinyamat Sejarah atau Mitos by Bambang Sulistyanto (z-lib.org),data/google-drive-pdfs/Ratu Kalinyamat Sejarah atau Mitos by Bambang Sulistyanto (z-lib.org).pdf,40,41856,0.00,2026-03-25T20:17:49.734288
Real Life Advance Unit 3,data/google-drive-pdfs/Real Life Advance Unit 3.pdf,2,6560,0.00,2026-03-25T20:17:49.734465
Reconstruction of an indigenous communitys belief in dragonBatuNaga_Kuningan_Java,data/google-drive-pdfs/Reconstruction of an indigenous communitys belief in dragonBatuNaga_Kuningan_Java.pdf,28,68706,0.00,2026-03-25T20:17:49.734793
RembangKarstCaves,data/google-drive-pdfs/RembangKarstCaves.pdf,20,50199,0.00,2026-03-25T20:17:49.735069
Rice Cultivation_Thailand,data/google-drive-pdfs/Rice Cultivation_Thailand.pdf,7,44183,0.00,2026-03-25T20:17:49.735330
Rock Art and Sacred Landscapes (Donna L. Gillette Ph.D. etc.) (z-lib.org),data/google-drive-pdfs/Rock Art and Sacred Landscapes (Donna L. Gillette Ph.D. etc.) (z-lib.org).pdf,287,732122,0.00,2026-03-25T20:17:49.737318
RockArtPreserv,data/google-drive-pdfs/RockArtPreserv.pdf,9,32521,0.00,2026-03-25T20:17:49.737935
Rote_Sawu_HumanOccup,data/google-drive-pdfs/Rote_Sawu_HumanOccup.pdf,230,373209,0.00,2026-03-25T20:17:49.739083
SEAsiaHumanEv,data/google-drive-pdfs/SEAsiaHumanEv.pdf,2,12217,0.00,2026-03-25T20:17:49.739295
SSP_S2E2_Leonard Taufik,data/google-drive-pdfs/SSP_S2E2_Leonard Taufik.pdf,34,12905,0.00,2026-03-25T20:17:49.739455
SSulawesiHolocene_Bulbeck,data/google-drive-pdfs/SSulawesiHolocene_Bulbeck.pdf,39,120254,0.00,2026-03-25T20:17:49.740539
SSulawesi_EnrekangSites,data/google-drive-pdfs/SSulawesi_EnrekangSites.pdf,12,37795,0.00,2026-03-25T20:17:49.740835
Sa Huynh_Kalanay Ceramics,data/google-drive-pdfs/Sa Huynh_Kalanay Ceramics.pdf,9,38094,0.00,2026-03-25T20:17:49.741206
SaHuynh-KalanayPottery,data/google-drive-pdfs/SaHuynh-KalanayPottery.pdf,106,149918,0.00,2026-03-25T20:17:49.741740
Sailing the deep blue sea The rock art of Wetang Island Maluku Barat Daya Indonesia (1),data/google-drive-pdfs/Sailing the deep blue sea The rock art of Wetang Island Maluku Barat Daya Indonesia (1).pdf,29,60020,0.00,2026-03-25T20:17:49.742051
Sailing the deep blue sea The rock art of Wetang Island Maluku Barat Daya Indonesia (2),data/google-drive-pdfs/Sailing the deep blue sea The rock art of Wetang Island Maluku Barat Daya Indonesia (2).pdf,29,60020,0.00,2026-03-25T20:17:49.742352
Sailing the deep blue sea The rock art of Wetang Island Maluku Barat Daya Indonesia (3),data/google-drive-pdfs/Sailing the deep blue sea The rock art of Wetang Island Maluku Barat Daya Indonesia (3).pdf,29,60020,0.00,2026-03-25T20:17:49.742656
Sakkarra_Sul,data/google-drive-pdfs/Sakkarra_Sul.pdf,16,34224,0.00,2026-03-25T20:17:49.742903
Sangiran Today - A New Experience,data/google-drive-pdfs/Sangiran Today - A New Experience.pdf,215,333105,0.00,2026-03-25T20:17:49.744426
Sangiran_bapangHomininFossils,data/google-drive-pdfs/Sangiran_bapangHomininFossils.pdf,6,34605,0.00,2026-03-25T20:17:49.744704
Sarkofagus Bali dan Nekropolis Gilimanuk by R.P. Soejono (z-lib.org),data/google-drive-pdfs/Sarkofagus Bali dan Nekropolis Gilimanuk by R.P. Soejono (z-lib.org).pdf,106,48595,0.00,2026-03-25T20:17:49.744989
Sarmi Settlement_Papua,data/google-drive-pdfs/Sarmi Settlement_Papua.pdf,11,23833,0.00,2026-03-25T20:17:49.745207
SedimentaryGeologyofJava2013,data/google-drive-pdfs/SedimentaryGeologyofJava2013.pdf,358,1346960,0.00,2026-03-25T20:17:49.748613
"Sejarah Kebudayaan Sulawesi by Mukhlis P., Edward Poelinggomang, Abdul Madjid Kallo, Bambang Sulistio, Anwar Thosibo, Andi Maryam (z-lib.org)","data/google-drive-pdfs/Sejarah Kebudayaan Sulawesi by Mukhlis P., Edward Poelinggomang, Abdul Madjid Kallo, Bambang Sulistio, Anwar Thosibo, Andi Maryam (z-lib.org).pdf",168,320962,0.00,2026-03-25T20:17:49.749575
Seram2012,data/google-drive-pdfs/Seram2012.pdf,31,47158,0.00,2026-03-25T20:17:49.749882
SeramEarliestSettlements,data/google-drive-pdfs/SeramEarliestSettlements.pdf,16,68787,0.00,2026-03-25T20:17:49.750220
Sino-Tibetan-Austronesian_Hypothesis,data/google-drive-pdfs/Sino-Tibetan-Austronesian_Hypothesis.pdf,18,75594,0.00,2026-03-25T20:17:49.750579
So_my_name_shall_live_Stone_dragging_and,data/google-drive-pdfs/So_my_name_shall_live_Stone_dragging_and.pdf,24,63240,0.00,2026-03-25T20:17:49.751023
SofwanNoerwidiHarryWidiantoandTrumanSimanjuntak,data/google-drive-pdfs/SofwanNoerwidiHarryWidiantoandTrumanSimanjuntak.pdf,18,43443,0.00,2026-03-25T20:17:49.751309
SoloMan_SoloensisorErectus,data/google-drive-pdfs/SoloMan_SoloensisorErectus.pdf,12,73598,0.00,2026-03-25T20:17:49.751652
SongKeplek_Java_Holocene,data/google-drive-pdfs/SongKeplek_Java_Holocene.pdf,32,71538,0.00,2026-03-25T20:17:49.752011
SongTerusDating,data/google-drive-pdfs/SongTerusDating.pdf,6,20934,0.00,2026-03-25T20:17:49.752240
SongTerus_FlakeAssemblage,data/google-drive-pdfs/SongTerus_FlakeAssemblage.pdf,17,72138,0.00,2026-03-25T20:17:49.752579
SongTerus_Pacitan,data/google-drive-pdfs/SongTerus_Pacitan.pdf,17,38877,0.00,2026-03-25T20:17:49.752963
SongTerus_Pacitan1,data/google-drive-pdfs/SongTerus_Pacitan1.pdf,17,38877,0.00,2026-03-25T20:17:49.753180
Southeast_Sumatra_in_Protohistoric_and_S,data/google-drive-pdfs/Southeast_Sumatra_in_Protohistoric_and_S.pdf,57,115601,0.00,2026-03-25T20:17:49.753620
SpriggsetalThreeSeasonsAruIslandsch0419,data/google-drive-pdfs/SpriggsetalThreeSeasonsAruIslandsch0419.pdf,23,53595,0.00,2026-03-25T20:17:49.753916
Staple or delicacy  Sea urchin exploitation over the last 40 000 years at Makpan Cave  Alor Island,data/google-drive-pdfs/Staple or delicacy  Sea urchin exploitation over the last 40 000 years at Makpan Cave  Alor Island.pdf,29,86362,0.00,2026-03-25T20:17:49.754310
Steimer_2018_archaeopress,data/google-drive-pdfs/Steimer_2018_archaeopress.pdf,117,153521,0.00,2026-03-25T20:17:49.754878
Steimer_IndonesianMegaliths,data/google-drive-pdfs/Steimer_IndonesianMegaliths.pdf,117,153521,0.00,2026-03-25T20:17:49.755575
StencilsBoatsMunaIsland,data/google-drive-pdfs/StencilsBoatsMunaIsland.pdf,19,47700,0.00,2026-03-25T20:17:49.755879
StivaCave_UnderwaterCaveNusaPenida,data/google-drive-pdfs/StivaCave_UnderwaterCaveNusaPenida.pdf,4,11130,0.00,2026-03-25T20:17:49.756055
StoneAge,data/google-drive-pdfs/StoneAge.pdf,184,288305,0.00,2026-03-25T20:17:49.756994
StoneIndustriesSEAsia,data/google-drive-pdfs/StoneIndustriesSEAsia.pdf,31,83642,0.00,2026-03-25T20:17:49.757403
StoneQuarry_Bomboro_Maros,data/google-drive-pdfs/StoneQuarry_Bomboro_Maros.pdf,10,24368,0.00,2026-03-25T20:17:49.757650
Submerged Prehistoric Landscapes and Underwater Site Discovery  Reevaluating the  Danish Model  for International Practice,data/google-drive-pdfs/Submerged Prehistoric Landscapes and Underwater Site Discovery  Reevaluating the  Danish Model  for International Practice.pdf,19,67392,0.00,2026-03-25T20:17:49.757945
Sulawesi oldest genome human,data/google-drive-pdfs/Sulawesi oldest genome human.pdf,4,6807,0.00,2026-03-25T20:17:49.758108
SulawesiToolTech,data/google-drive-pdfs/SulawesiToolTech.pdf,15,75463,0.00,2026-03-25T20:17:49.759243
Sulawesi_Lore_StoneKalambas,data/google-drive-pdfs/Sulawesi_Lore_StoneKalambas.pdf,12,27889,0.00,2026-03-25T20:17:49.759540
Sumba_Rites_Offerings_and_Sacrifices,data/google-drive-pdfs/Sumba_Rites_Offerings_and_Sacrifices.pdf,16,16099,0.00,2026-03-25T20:17:49.759857
SumbamegalithictraditionAsustainabilityperspective,data/google-drive-pdfs/SumbamegalithictraditionAsustainabilityperspective.pdf,11,36180,0.00,2026-03-25T20:17:49.760122
Sundaland_Sahul,data/google-drive-pdfs/Sundaland_Sahul.pdf,6,18674,0.00,2026-03-25T20:17:49.760513
Survei_Arkeologis_di_Kawasan_Halmahera_Bagian_Teng,data/google-drive-pdfs/Survei_Arkeologis_di_Kawasan_Halmahera_Bagian_Teng.pdf,9,59676,0.00,2026-03-25T20:17:49.761526
TEMUAN_TRADISI_BUDAYA_AUSTRONESIA_AKHIR,data/google-drive-pdfs/TEMUAN_TRADISI_BUDAYA_AUSTRONESIA_AKHIR.pdf,17,43862,0.00,2026-03-25T20:17:49.761815
TalimbueLithicSulawesi,data/google-drive-pdfs/TalimbueLithicSulawesi.pdf,18,41637,0.00,2026-03-25T20:17:49.762060
Team project 2017 Dony Pratidana S. Hum Bima Agus Setyawan S. IIP,data/google-drive-pdfs/Team project 2017 Dony Pratidana S. Hum Bima Agus Setyawan S. IIP.pdf,101,145041,0.00,2026-03-25T20:17:49.762575
Terminal Pleistoceneand Holocene Population Historyof Java_SongKeplek,data/google-drive-pdfs/Terminal Pleistoceneand Holocene Population Historyof Java_SongKeplek.pdf,404,1082451,0.00,2026-03-25T20:17:49.765353
The  island laboratory  revisited  Integrating environmental and sociocultural approaches,data/google-drive-pdfs/The  island laboratory  revisited  Integrating environmental and sociocultural approaches.pdf,11,35963,0.00,2026-03-25T20:17:49.765644
"The Archaeology of South Asia From the Indus to Asoka, c.6500 BCE–200 CE (Robin Coningham, Ruth Young) (z-lib.org)","data/google-drive-pdfs/The Archaeology of South Asia From the Indus to Asoka, c.6500 BCE–200 CE (Robin Coningham, Ruth Young) (z-lib.org).pdf",556,1339108,0.00,2026-03-25T20:17:49.768975
The Bronze-Iron Age of Indonesia by H. R. van Heekeren (auth.) (z-lib.org),data/google-drive-pdfs/The Bronze-Iron Age of Indonesia by H. R. van Heekeren (auth.) (z-lib.org).pdf,160,252951,0.00,2026-03-25T20:17:49.769898
"The Chinese in Indonesia An English Translation of Hoakiau di Indonesia by Pramoedya Ananta Toer, Max Lane (z-lib.org)","data/google-drive-pdfs/The Chinese in Indonesia An English Translation of Hoakiau di Indonesia by Pramoedya Ananta Toer, Max Lane (z-lib.org).pdf",332,545658,0.00,2026-03-25T20:17:49.771493
The Denisovans The History of the Extinct Archaic Humans Who Spread Across Asia during the Paleolithic Era (Charles River Editors) (z-lib.org),data/google-drive-pdfs/The Denisovans The History of the Extinct Archaic Humans Who Spread Across Asia during the Paleolithic Era (Charles River Editors) (z-lib.org).pdf,65,112058,0.00,2026-03-25T20:17:49.771989
The Early Roots of Indonesian Art,data/google-drive-pdfs/The Early Roots of Indonesian Art.pdf,3,0,0.00,2026-03-25T20:17:49.772339
"The First Humans – Origin and Early Evolution of the Genus Homo Contributions from the Third Stony Brook Human Evolution... (Frederick E. Grine, John G. Fleagle etc.) (z-lib.org)","data/google-drive-pdfs/The First Humans – Origin and Early Evolution of the Genus Homo Contributions from the Third Stony Brook Human Evolution... (Frederick E. Grine, John G. Fleagle etc.) (z-lib.org).pdf",212,1005385,0.00,2026-03-25T20:17:49.774839
"The Hominid Individual in Context Archaeological Investigations of Lower and Middle Palaeolithic landscapes, locales and... (Clive Gamble) (z-lib.org)","data/google-drive-pdfs/The Hominid Individual in Context Archaeological Investigations of Lower and Middle Palaeolithic landscapes, locales and... (Clive Gamble) (z-lib.org).pdf",347,837806,0.00,2026-03-25T20:17:49.776960
The Last Embassy The Dutch Mission of 1795 and the Forgotten History of Western Encounters with China by Tonio Andrade (z-lib.org),data/google-drive-pdfs/The Last Embassy The Dutch Mission of 1795 and the Forgotten History of Western Encounters with China by Tonio Andrade (z-lib.org).pdf,424,909787,0.00,2026-03-25T20:17:49.779547
The Maritime Legacy of Indonesia,data/google-drive-pdfs/The Maritime Legacy of Indonesia.pdf,79,0,0.00,2026-03-25T20:17:49.779708
The Palaeolithic Settlement of Asia (Robin Dennell) (z-lib.org),data/google-drive-pdfs/The Palaeolithic Settlement of Asia (Robin Dennell) (z-lib.org).pdf,568,1420319,0.00,2026-03-25T20:17:49.783267
"The Routledge handbook of bioarchaeology in Southeast Asia and the Pacific Islands (Buckley, HallieOxenham, Marc) (z-lib.org)","data/google-drive-pdfs/The Routledge handbook of bioarchaeology in Southeast Asia and the Pacific Islands (Buckley, HallieOxenham, Marc) (z-lib.org).pdf",713,2310050,0.00,2026-03-25T20:17:49.789038
The-Excavation-of-Gua-Harimau-s-Western-Gallery--A-Contribution-_2023_L-Anth,data/google-drive-pdfs/The-Excavation-of-Gua-Harimau-s-Western-Gallery--A-Contribution-_2023_L-Anth.pdf,20,72388,0.00,2026-03-25T20:17:49.789378
The-History-of-Our-Tribe-Hominini-1563568062,data/google-drive-pdfs/The-History-of-Our-Tribe-Hominini-1563568062.pdf,268,395444,0.00,2026-03-25T20:17:49.790464
The_Archaeology_of_Island_Colonization_Global_Appr..._----_(Part_III._Regional_Case_Studies),data/google-drive-pdfs/The_Archaeology_of_Island_Colonization_Global_Appr..._----_(Part_III._Regional_Case_Studies).pdf,34,91345,0.00,2026-03-25T20:17:49.790939
The_Evolution_of_Cultural_Diversity_A_Phylogenetic..._----_(PART_I),data/google-drive-pdfs/The_Evolution_of_Cultural_Diversity_A_Phylogenetic..._----_(PART_I).pdf,22,63371,0.00,2026-03-25T20:17:49.791304
The_Image_of_Maheshvara_An_early_example,data/google-drive-pdfs/The_Image_of_Maheshvara_An_early_example.pdf,50,62852,0.00,2026-03-25T20:17:49.791803
The_Life_and_Death_of_Tamu_Rambu_Yuliana,data/google-drive-pdfs/The_Life_and_Death_of_Tamu_Rambu_Yuliana.pdf,34,83049,0.00,2026-03-25T20:17:49.792184
The_Magnetostratigraphy_and_the_Age_of_Soa_Basin_,data/google-drive-pdfs/The_Magnetostratigraphy_and_the_Age_of_Soa_Basin_.pdf,14,54746,0.00,2026-03-25T20:17:49.792506
The_Mapping_Out_of_Maros-Pangkep_Karst_Forest_as_a,data/google-drive-pdfs/The_Mapping_Out_of_Maros-Pangkep_Karst_Forest_as_a.pdf,8,28114,0.00,2026-03-25T20:17:49.792791
The_genetic_origins_and_impacts_of_historical_Papu,data/google-drive-pdfs/The_genetic_origins_and_impacts_of_historical_Papu.pdf,30,54471,0.00,2026-03-25T20:17:49.793138
The_prehistoric_peopling_of_Southeast_Asia,data/google-drive-pdfs/The_prehistoric_peopling_of_Southeast_Asia.pdf,7,31504,0.00,2026-03-25T20:17:49.793391
Thefirst excavations on Obi Island,data/google-drive-pdfs/Thefirst excavations on Obi Island.pdf,26,74014,0.00,2026-03-25T20:17:49.793753
ToaleanSSulawesi,data/google-drive-pdfs/ToaleanSSulawesi.pdf,37,108756,0.00,2026-03-25T20:17:49.794223
Toalean_AustronesianInteractions_Mallawa_Maros,data/google-drive-pdfs/Toalean_AustronesianInteractions_Mallawa_Maros.pdf,21,44834,0.00,2026-03-25T20:17:49.794507
Toalean_SSul,data/google-drive-pdfs/Toalean_SSul.pdf,13,55914,0.00,2026-03-25T20:17:49.794835
TobaEruptionImpactIndo,data/google-drive-pdfs/TobaEruptionImpactIndo.pdf,10,27478,0.00,2026-03-25T20:17:49.795026
TogiBogiCave_Nias,data/google-drive-pdfs/TogiBogiCave_Nias.pdf,9,16700,0.00,2026-03-25T20:17:49.795248
Tova_Eruption,data/google-drive-pdfs/Tova_Eruption.pdf,14,81721,0.00,2026-03-25T20:17:49.795714
Tracing the Cradle of Civilizationsin Sundaland by Dhani Irwanto (z-lib.org),data/google-drive-pdfs/Tracing the Cradle of Civilizationsin Sundaland by Dhani Irwanto (z-lib.org).pdf,8,15314,0.00,2026-03-25T20:17:49.795926
"Traditional Monster Imagery in Manga, Anime and Japanese Cinema by Zilia Papp (z-lib.org)","data/google-drive-pdfs/Traditional Monster Imagery in Manga, Anime and Japanese Cinema by Zilia Papp (z-lib.org).pdf",273,548961,0.00,2026-03-25T20:17:49.797659
Traditions_of_Jars_as_Mortuary_Containers_in_the_I-2,data/google-drive-pdfs/Traditions_of_Jars_as_Mortuary_Containers_in_the_I-2.pdf,26,75559,0.00,2026-03-25T20:17:49.798058
Traditions_of_Jars_as_Mortuary_Containers_in_the_I,data/google-drive-pdfs/Traditions_of_Jars_as_Mortuary_Containers_in_the_I.pdf,26,75805,0.00,2026-03-25T20:17:49.798404
Transforming_Stone_Ethnoarchaeological_P,data/google-drive-pdfs/Transforming_Stone_Ethnoarchaeological_P.pdf,10,34247,0.00,2026-03-25T20:17:49.798668
Transitions_of_a_Feathered_World_The_Dis (1),data/google-drive-pdfs/Transitions_of_a_Feathered_World_The_Dis (1).pdf,490,674761,0.00,2026-03-25T20:17:49.800404
TronBonLei_Alor_Burials,data/google-drive-pdfs/TronBonLei_Alor_Burials.pdf,32,98962,0.00,2026-03-25T20:17:49.800847
"Tumbuhan Obat Tradisional di Sulawesi Utara (Jilid I) by Julianus Kinho, Diah Irawati Dwi Arini, Supratman Tabba, Harwiyadin Kama, Yermias Kafiar, Syamsir Shabri, Moody C. Karundeng (z-lib.org)","data/google-drive-pdfs/Tumbuhan Obat Tradisional di Sulawesi Utara (Jilid I) by Julianus Kinho, Diah Irawati Dwi Arini, Supratman Tabba, Harwiyadin Kama, Yermias Kafiar, Syamsir Shabri, Moody C. Karundeng (z-lib.org).pdf",116,107206,0.00,2026-03-25T20:17:49.801294
"Tumbuhan Obat Tradisional di Sulawesi Utara (Jilid II) by Julianus Kinho, Diah Irawati, Dwi Arini, Jafred Halawane, Lis Nurani, Halidah, Yermias Kafiar, Moody C.,Karundeng (z-lib.org)","data/google-drive-pdfs/Tumbuhan Obat Tradisional di Sulawesi Utara (Jilid II) by Julianus Kinho, Diah Irawati, Dwi Arini, Jafred Halawane, Lis Nurani, Halidah, Yermias Kafiar, Moody C.,Karundeng (z-lib.org).pdf",98,92760,0.00,2026-03-25T20:17:49.801814
TutariMegalithic_Papua,data/google-drive-pdfs/TutariMegalithic_Papua.pdf,9,30056,0.00,2026-03-25T20:17:49.802081
UluLeang_Maros,data/google-drive-pdfs/UluLeang_Maros.pdf,47,76472,0.00,2026-03-25T20:17:49.802634
Uncovering the chemistry of color change in rock art in Leang Tedongnge,data/google-drive-pdfs/Uncovering the chemistry of color change in rock art in Leang Tedongnge.pdf,15,69285,0.00,2026-03-25T20:17:49.802969
UrnBurials,data/google-drive-pdfs/UrnBurials.pdf,2,9028,0.00,2026-03-25T20:17:49.803194
WajakMan,data/google-drive-pdfs/WajakMan.pdf,13,29673,0.00,2026-03-25T20:17:49.803462
WajakSkulls,data/google-drive-pdfs/WajakSkulls.pdf,248,526220,0.00,2026-03-25T20:17:49.804828
WajoConfederation_SSulawesi,data/google-drive-pdfs/WajoConfederation_SSulawesi.pdf,18,46311,0.00,2026-03-25T20:17:49.805179
WallaceaHumanMigration,data/google-drive-pdfs/WallaceaHumanMigration.pdf,28,83642,0.00,2026-03-25T20:17:49.805561
"Wanafarma Meru Betiri Keanekaragam dan Pemanfaatan Tradisional Tumbuhan Obat by Nur Rohmah Syarif, S.Si., MP.  Iva Tri Lindasari (z-lib.org)","data/google-drive-pdfs/Wanafarma Meru Betiri Keanekaragam dan Pemanfaatan Tradisional Tumbuhan Obat by Nur Rohmah Syarif, S.Si., MP.  Iva Tri Lindasari (z-lib.org).pdf",112,2796,0.00,2026-03-25T20:17:49.805840
"Warisan Budaya Maritim Nusantara by Supratikno Rahardjo, Nies Anggraeni, Titi Surti Nastiti, Wiwin Djuwita Ramelan (z-lib.org)","data/google-drive-pdfs/Warisan Budaya Maritim Nusantara by Supratikno Rahardjo, Nies Anggraeni, Titi Surti Nastiti, Wiwin Djuwita Ramelan (z-lib.org).pdf",408,949223,0.00,2026-03-25T20:17:49.808581
WaterRiceEarlyJavaBali,data/google-drive-pdfs/WaterRiceEarlyJavaBali.pdf,25,75882,0.00,2026-03-25T20:17:49.808973
West EurasianGenetics,data/google-drive-pdfs/West EurasianGenetics.pdf,6,32377,0.00,2026-03-25T20:17:49.809233
WhereTheStoneageLingers,data/google-drive-pdfs/WhereTheStoneageLingers.pdf,20,31344,0.00,2026-03-25T20:17:49.809408
Wisnu Iskandar C9308123,data/google-drive-pdfs/Wisnu Iskandar C9308123.pdf,35,34141,0.00,2026-03-25T20:17:49.809686
Witjaksono_D.N._1999,data/google-drive-pdfs/Witjaksono_D.N._1999.pdf,205,0,0.00,2026-03-25T20:17:49.809901
World Cultures Through Art Activities (Dindy Robinson) (z-lib.org),data/google-drive-pdfs/World Cultures Through Art Activities (Dindy Robinson) (z-lib.org).pdf,261,408551,0.00,2026-03-25T20:17:49.810916
WorldArchaeology3212000,data/google-drive-pdfs/WorldArchaeology3212000.pdf,19,49792,0.00,2026-03-25T20:17:49.811249
Xhauflairetal2023,data/google-drive-pdfs/Xhauflairetal2023.pdf,30,139746,0.00,2026-03-25T20:17:49.811916
Yomokho_Sentani_Papua,data/google-drive-pdfs/Yomokho_Sentani_Papua.pdf,8,19158,0.00,2026-03-25T20:17:49.812138
Zooarchaeology_HumanremainsWallacea,data/google-drive-pdfs/Zooarchaeology_HumanremainsWallacea.pdf,263,219194,0.00,2026-03-25T20:17:49.812865
activity-604-3,data/google-drive-pdfs/activity-604-3.pdf,2,8403,0.00,2026-03-25T20:17:49.813109
"admin,+24_1995_3_article","data/google-drive-pdfs/admin,+24_1995_3_article.pdf",7,26727,0.00,2026-03-25T20:17:49.813458
"admin,+3_EN_585-Article+Text-2993+SN(1)","data/google-drive-pdfs/admin,+3_EN_585-Article+Text-2993+SN(1).pdf",24,53120,0.00,2026-03-25T20:17:49.813788
age_of_the_djetis_beds_in_east_and_central_java,data/google-drive-pdfs/age_of_the_djetis_beds_in_east_and_central_java.pdf,3,15362,0.00,2026-03-25T20:17:49.813997
an_indian_trader_in_ancient_bali,data/google-drive-pdfs/an_indian_trader_in_ancient_bali.pdf,7,20862,0.00,2026-03-25T20:17:49.814257
"andrea,+lim_2013_72(s2)e1_opt","data/google-drive-pdfs/andrea,+lim_2013_72(s2)e1_opt.pdf",17,51098,0.00,2026-03-25T20:17:49.814526
arch_0044-8613_1976_num_11_1_1271,data/google-drive-pdfs/arch_0044-8613_1976_num_11_1_1271.pdf,47,76472,0.00,2026-03-25T20:17:49.814910
archaeological_and_palaeontological_research_in_central_flores_east_indonesia_results_of_fieldwork_199798,data/google-drive-pdfs/archaeological_and_palaeontological_research_in_central_flores_east_indonesia_results_of_fieldwork_199798.pdf,14,32412,0.00,2026-03-25T20:17:49.815173
archaeology_in_sulawesi_indonesia,data/google-drive-pdfs/archaeology_in_sulawesi_indonesia.pdf,10,31451,0.00,2026-03-25T20:17:49.815605
archaeologysulawesi,data/google-drive-pdfs/archaeologysulawesi.pdf,378,1008381,0.00,2026-03-25T20:17:49.818488
b20535351-Anggraeni_,data/google-drive-pdfs/b20535351-Anggraeni_.pdf,157,258983,0.00,2026-03-25T20:17:49.819336
b29827322,data/google-drive-pdfs/b29827322.pdf,280,582839,0.00,2026-03-25T20:17:49.820849
bmsap-12338,data/google-drive-pdfs/bmsap-12338.pdf,3,4686,0.00,2026-03-25T20:17:49.821074
bmsap-14473,data/google-drive-pdfs/bmsap-14473.pdf,2,2291,0.00,2026-03-25T20:17:49.821240
bmsap-14479,data/google-drive-pdfs/bmsap-14479.pdf,3,3747,0.00,2026-03-25T20:17:49.821405
bulbeck-2006,data/google-drive-pdfs/bulbeck-2006.pdf,16,30215,0.00,2026-03-25T20:17:49.821802
bulbeck-2008,data/google-drive-pdfs/bulbeck-2008.pdf,35,82100,0.00,2026-03-25T20:17:49.822221
ch01,data/google-drive-pdfs/ch01.pdf,27,83608,0.00,2026-03-25T20:17:49.822626
ch0172,data/google-drive-pdfs/ch0172.pdf,38,0,0.00,2026-03-25T20:17:49.822796
ch04,data/google-drive-pdfs/ch04.pdf,20,68914,0.00,2026-03-25T20:17:49.823282
ch06,data/google-drive-pdfs/ch06.pdf,28,96266,0.00,2026-03-25T20:17:49.823663
ch08,data/google-drive-pdfs/ch08.pdf,32,80827,0.00,2026-03-25T20:17:49.824063
"cochrane,+Journal+manager,+Gaffney+&+Tanudirjo","data/google-drive-pdfs/cochrane,+Journal+manager,+Gaffney+&+Tanudirjo.pdf",10,31487,0.00,2026-03-25T20:17:49.824325
coevolutionofLanguagesandGenesSumba,data/google-drive-pdfs/coevolutionofLanguagesandGenesSumba.pdf,5,31139,0.00,2026-03-25T20:17:49.824665
"crandell,+Journal+editor,+Forestier+etal+1+-+ver+1.10+-READY","data/google-drive-pdfs/crandell,+Journal+editor,+Forestier+etal+1+-+ver+1.10+-READY.pdf",73,172910,0.00,2026-03-25T20:17:49.825626
cut-not-smashed-a-new-type-of-evidence-for-nut-exploitation-from-sulawesi,data/google-drive-pdfs/cut-not-smashed-a-new-type-of-evidence-for-nut-exploitation-from-sulawesi.pdf,2,6968,0.00,2026-03-25T20:17:49.825980
"david_carlson,+27-Soejono","data/google-drive-pdfs/david_carlson,+27-Soejono.pdf",4,0,0.00,2026-03-25T20:17:49.826138
"david_carlson,+3-Tanudirjo","data/google-drive-pdfs/david_carlson,+3-Tanudirjo.pdf",5,16255,0.00,2026-03-25T20:17:49.826364
"david_carlson,+7-Santoso","data/google-drive-pdfs/david_carlson,+7-Santoso.pdf",9,0,0.00,2026-03-25T20:17:49.826522
document (2),data/google-drive-pdfs/document (2).pdf,79,120089,0.00,2026-03-25T20:17:49.827001
domesticate-dispersal-human-agency-and-connectivity-in-island-southeast-asia-during-the-holocene,data/google-drive-pdfs/domesticate-dispersal-human-agency-and-connectivity-in-island-southeast-asia-during-the-holocene.pdf,22,68161,0.00,2026-03-25T20:17:49.827354
dong-son-drums-from-timor-leste-prehistoric-bronze-artefacts-in-island-southeast-asia,data/google-drive-pdfs/dong-son-drums-from-timor-leste-prehistoric-bronze-artefacts-in-island-southeast-asia.pdf,18,38329,0.00,2026-03-25T20:17:49.827576
download,data/google-drive-pdfs/download.pdf,106,1064,0.00,2026-03-25T20:17:49.827752
early_metal_age_interactions_in_island_southeast_asia_and_oceania_jar_burials_from_aru_manara_northern_moluccas,data/google-drive-pdfs/early_metal_age_interactions_in_island_southeast_asia_and_oceania_jar_burials_from_aru_manara_northern_moluccas.pdf,17,41220,0.00,2026-03-25T20:17:49.828035
faces_of_the_ancestors_revealed_discovery_and_dating_of_a_pleistoceneage_petroglyph_in_lene_hara_cave_east_timor,data/google-drive-pdfs/faces_of_the_ancestors_revealed_discovery_and_dating_of_a_pleistoceneage_petroglyph_in_lene_hara_cave_east_timor.pdf,17,40338,0.00,2026-03-25T20:17:49.828299
"filayudha,+Journal+manager,+Jurnal-HLI-Vol.-3-Issue-2-Maret-2017_9-2","data/google-drive-pdfs/filayudha,+Journal+manager,+Jurnal-HLI-Vol.-3-Issue-2-Maret-2017_9-2.pdf",23,51935,0.00,2026-03-25T20:17:49.828718
"filayudha,+Journal+manager,+Jurnal-HLI-Vol.-3-Issue-2-Maret-2017_9","data/google-drive-pdfs/filayudha,+Journal+manager,+Jurnal-HLI-Vol.-3-Issue-2-Maret-2017_9.pdf",23,51520,0.00,2026-03-25T20:17:49.828978
fishing_in_life_and_death_pleistocene_fishhooks_from_a_burial_context_on_alor_island_indonesia,data/google-drive-pdfs/fishing_in_life_and_death_pleistocene_fishhooks_from_a_burial_context_on_alor_island_indonesia.pdf,18,39037,0.00,2026-03-25T20:17:49.829271
geneticDatingAsian_PapuanAustronesian,data/google-drive-pdfs/geneticDatingAsian_PapuanAustronesian.pdf,6,35766,0.00,2026-03-25T20:17:49.829536
"hasan,+8.+Rosmawati","data/google-drive-pdfs/hasan,+8.+Rosmawati.pdf",11,0,0.00,2026-03-25T20:17:49.829720
homoSap_SSul,data/google-drive-pdfs/homoSap_SSul.pdf,27,85190,0.00,2026-03-25T20:17:49.830101
influence-of-sea-level-rise-on-discounting-resource-use-and-migration-in-small-island-communities-an-agent-based-modelling-approach,data/google-drive-pdfs/influence-of-sea-level-rise-on-discounting-resource-use-and-migration-in-small-island-communities-an-agent-based-modelling-approach.pdf,8,44546,0.00,2026-03-25T20:17:49.830516
invisible-agents-of-eastern-trade-foregrounding-island-southeast-asian-agency-in-pre-modern-globalisation,data/google-drive-pdfs/invisible-agents-of-eastern-trade-foregrounding-island-southeast-asian-agency-in-pre-modern-globalisation.pdf,27,87885,0.00,2026-03-25T20:17:49.830914
isthmus of kra_thai_bce pottery,data/google-drive-pdfs/isthmus of kra_thai_bce pottery.pdf,19,116234,0.00,2026-03-25T20:17:49.831367
kab-jember-2013,data/google-drive-pdfs/kab-jember-2013.pdf,12,37469,0.00,2026-03-25T20:17:49.831691
kalpataru 10,data/google-drive-pdfs/kalpataru 10.pdf,146,0,0.00,2026-03-25T20:17:49.831836
kalpataru 17,data/google-drive-pdfs/kalpataru 17.pdf,90,0,0.00,2026-03-25T20:17:49.832011
kettledrums_megalithic_indonesia,data/google-drive-pdfs/kettledrums_megalithic_indonesia.pdf,14,39279,0.00,2026-03-25T20:17:49.832288
kora-kora-2020,data/google-drive-pdfs/kora-kora-2020.pdf,67,68459,0.00,2026-03-25T20:17:49.832641
kouko2402,data/google-drive-pdfs/kouko2402.pdf,16,34270,0.00,2026-03-25T20:17:49.832907
lapita_and_the_temporal_geography_of_prehistory,data/google-drive-pdfs/lapita_and_the_temporal_geography_of_prehistory.pdf,25,114370,0.00,2026-03-25T20:17:49.833354
lapita_colonists_leave_boats_unburned_the_question_of_lapita_links_with_island_southeast_asia,data/google-drive-pdfs/lapita_colonists_leave_boats_unburned_the_question_of_lapita_links_with_island_southeast_asia.pdf,10,35276,0.00,2026-03-25T20:17:49.833647
leang-leang-01,data/google-drive-pdfs/leang-leang-01.pdf,9,34372,0.00,2026-03-25T20:17:49.833945
localityInfoPDFBumiayu,data/google-drive-pdfs/localityInfoPDFBumiayu.pdf,8,14018,0.00,2026-03-25T20:17:49.834251
localityInfoPDFElivavan_rockshelter,data/google-drive-pdfs/localityInfoPDFElivavan_rockshelter.pdf,4,4119,0.00,2026-03-25T20:17:49.834636
localityInfoPDFGolo_Cave,data/google-drive-pdfs/localityInfoPDFGolo_Cave.pdf,4,4664,0.00,2026-03-25T20:17:49.834909
localityInfoPDFLaili_Cave,data/google-drive-pdfs/localityInfoPDFLaili_Cave.pdf,5,6434,0.00,2026-03-25T20:17:49.835187
localityInfoPDFLeang_Sakapao_1,data/google-drive-pdfs/localityInfoPDFLeang_Sakapao_1.pdf,4,4355,0.00,2026-03-25T20:17:49.835469
localityInfoPDFLeang_Sarru,data/google-drive-pdfs/localityInfoPDFLeang_Sarru.pdf,4,5842,0.00,2026-03-25T20:17:49.835756
localityInfoPDFLeang_Tedongnge,data/google-drive-pdfs/localityInfoPDFLeang_Tedongnge.pdf,4,4276,0.00,2026-03-25T20:17:49.836074
localityInfoPDFLeang_Timpuseng,data/google-drive-pdfs/localityInfoPDFLeang_Timpuseng.pdf,4,4207,0.00,2026-03-25T20:17:49.836254
localityInfoPDFLene_Hara,data/google-drive-pdfs/localityInfoPDFLene_Hara.pdf,4,4685,0.00,2026-03-25T20:17:49.836782
localityInfoPDFLiang_Bua,data/google-drive-pdfs/localityInfoPDFLiang_Bua.pdf,11,37135,0.00,2026-03-25T20:17:49.837138
localityInfoPDFLiang_Lemdubu,data/google-drive-pdfs/localityInfoPDFLiang_Lemdubu.pdf,4,5127,0.00,2026-03-25T20:17:49.837412
localityInfoPDFLubang_Jeriji_Salh,data/google-drive-pdfs/localityInfoPDFLubang_Jeriji_Salh.pdf,4,8029,0.00,2026-03-25T20:17:49.837599
localityInfoPDFMata_Menge,data/google-drive-pdfs/localityInfoPDFMata_Menge.pdf,6,9849,0.00,2026-03-25T20:17:49.837818
localityInfoPDFMololo_Cave,data/google-drive-pdfs/localityInfoPDFMololo_Cave.pdf,4,3871,0.00,2026-03-25T20:17:49.838224
localityInfoPDFNgalau_Gupin,data/google-drive-pdfs/localityInfoPDFNgalau_Gupin.pdf,4,4641,0.00,2026-03-25T20:17:49.838493
localityInfoPDFRancah,data/google-drive-pdfs/localityInfoPDFRancah.pdf,4,3936,0.00,2026-03-25T20:17:49.838658
localityInfoPDFSambungmacan_Area,data/google-drive-pdfs/localityInfoPDFSambungmacan_Area.pdf,4,5460,0.00,2026-03-25T20:17:49.838865
localityInfoPDFSangiran_Tanjung,data/google-drive-pdfs/localityInfoPDFSangiran_Tanjung.pdf,6,11067,0.00,2026-03-25T20:17:49.839080
localityInfoPDFTalepu,data/google-drive-pdfs/localityInfoPDFTalepu.pdf,5,5149,0.00,2026-03-25T20:17:49.839386
localityInfoPDFTopogaro_2,data/google-drive-pdfs/localityInfoPDFTopogaro_2.pdf,5,5605,0.00,2026-03-25T20:17:49.839925
localityInfoPDFTrinil,data/google-drive-pdfs/localityInfoPDFTrinil.pdf,5,11157,0.00,2026-03-25T20:17:49.840037
long chronology sahul,data/google-drive-pdfs/long chronology sahul.pdf,17,129837,0.00,2026-03-25T20:17:49.840976
map-of-sangkulirang-cave,data/google-drive-pdfs/map-of-sangkulirang-cave.pdf,1,636,0.00,2026-03-25T20:17:49.841177
munda_languages_are_father_tongues_but_japanese_and_korean_are_not,data/google-drive-pdfs/munda_languages_are_father_tongues_but_japanese_and_korean_are_not.pdf,17,68447,0.00,2026-03-25T20:17:49.841568
nature08844,data/google-drive-pdfs/nature08844.pdf,6,33362,0.00,2026-03-25T20:17:49.841963
nature09710,data/google-drive-pdfs/nature09710.pdf,8,58325,0.00,2026-03-25T20:17:49.842280
neolithic-foundations-in-the-karama-valley-west-sulawesi-indonesia,data/google-drive-pdfs/neolithic-foundations-in-the-karama-valley-west-sulawesi-indonesia.pdf,17,39826,0.00,2026-03-25T20:17:49.842511
ow-article-p1_005,data/google-drive-pdfs/ow-article-p1_005.pdf,33,67775,0.00,2026-03-25T20:17:49.842890
pain_haka_burial_ground_on_flores_indonesian_evidence_for_a_shared_neolithic_belief_system_in_southeast_asia,data/google-drive-pdfs/pain_haka_burial_ground_on_flores_indonesian_evidence_for_a_shared_neolithic_belief_system_in_southeast_asia.pdf,17,42518,0.00,2026-03-25T20:17:49.843180
patterned_and_plain_baked_clay_from_prepottery_contexts_in_southeast_sulawesi_indonesia,data/google-drive-pdfs/patterned_and_plain_baked_clay_from_prepottery_contexts_in_southeast_sulawesi_indonesia.pdf,19,45780,0.00,2026-03-25T20:17:49.843496
"preEmergence and Diversity of Modern Human Behavior in Paleolithic Asia (Yousuke Kaifu, Masami Izuho, Ted Goebel etc.) (z-lib.org)","data/google-drive-pdfs/preEmergence and Diversity of Modern Human Behavior in Paleolithic Asia (Yousuke Kaifu, Masami Izuho, Ted Goebel etc.) (z-lib.org).pdf",10,32638,0.00,2026-03-25T20:17:49.843739
productionslithiquesarchipelindonésien,data/google-drive-pdfs/productionslithiquesarchipelindonésien.pdf,74,173897,0.00,2026-03-25T20:17:49.844397
purnomo-et-al-2024-the-genetic-origins-and-impacts-of-historical-papuan-migrations-into-wallacea,data/google-drive-pdfs/purnomo-et-al-2024-the-genetic-origins-and-impacts-of-historical-papuan-migrations-into-wallacea.pdf,10,71645,0.00,2026-03-25T20:17:49.844948
s10814-020-09149-7,data/google-drive-pdfs/s10814-020-09149-7.pdf,72,230736,0.00,2026-03-25T20:17:49.845689
s10816-020-09480-9,data/google-drive-pdfs/s10816-020-09480-9.pdf,45,166024,0.00,2026-03-25T20:17:49.846282
s11434-008-0263-z,data/google-drive-pdfs/s11434-008-0263-z.pdf,7,26236,0.00,2026-03-25T20:17:49.846632
s41467-020-15969-4,data/google-drive-pdfs/s41467-020-15969-4.pdf,11,56130,0.00,2026-03-25T20:17:49.847091
s41467-024-47662-1,data/google-drive-pdfs/s41467-024-47662-1.pdf,14,83264,0.00,2026-03-25T20:17:49.847467
s41467-024-48395-x,data/google-drive-pdfs/s41467-024-48395-x.pdf,15,89199,0.00,2026-03-25T20:17:49.847854
s41467-024-53918-7,data/google-drive-pdfs/s41467-024-53918-7.pdf,3,16943,0.00,2026-03-25T20:17:49.848084
s41559-021-01408-0,data/google-drive-pdfs/s41559-021-01408-0.pdf,11,74621,0.00,2026-03-25T20:17:49.848464
s41559-024-02488-4,data/google-drive-pdfs/s41559-024-02488-4.pdf,15,78241,0.00,2026-03-25T20:17:49.848848
s41576-023-00643-4,data/google-drive-pdfs/s41576-023-00643-4.pdf,21,125671,0.00,2026-03-25T20:17:49.849351
s41586-019-1806-y,data/google-drive-pdfs/s41586-019-1806-y.pdf,18,52203,0.00,2026-03-25T20:17:49.849707
s41586-021-03823-6,data/google-drive-pdfs/s41586-021-03823-6.pdf,23,67201,0.00,2026-03-25T20:17:49.850101
s41598-018-35426-z,data/google-drive-pdfs/s41598-018-35426-z.pdf,12,64475,0.00,2026-03-25T20:17:49.850430
s41598-021-99931-4,data/google-drive-pdfs/s41598-021-99931-4.pdf,14,75034,0.00,2026-03-25T20:17:49.850934
s41598-022-23206-9,data/google-drive-pdfs/s41598-022-23206-9.pdf,12,67300,0.00,2026-03-25T20:17:49.851283
s41598-022-25810-1,data/google-drive-pdfs/s41598-022-25810-1.pdf,14,62320,0.00,2026-03-25T20:17:49.851636
s42003-023-05388-8,data/google-drive-pdfs/s42003-023-05388-8.pdf,15,83591,0.00,2026-03-25T20:17:49.851997
saHuynhNetworks,data/google-drive-pdfs/saHuynhNetworks.pdf,23,70875,0.00,2026-03-25T20:17:49.852444
sciadv.ady9493_sm,data/google-drive-pdfs/sciadv.ady9493_sm.pdf,63,132179,0.00,2026-03-25T20:17:49.853021
sembiran_and_pacung_on_the_north_coast_of_bali_a_strategic_crossroads_for_early_transasiatic_exchange,data/google-drive-pdfs/sembiran_and_pacung_on_the_north_coast_of_bali_a_strategic_crossroads_for_early_transasiatic_exchange.pdf,19,46335,0.00,2026-03-25T20:17:49.853380
sembiran_the_beginnings_of_indian_contact_with_bali,data/google-drive-pdfs/sembiran_the_beginnings_of_indian_contact_with_bali.pdf,12,43413,0.00,2026-03-25T20:17:49.853689
sofwan_suduttenggara,data/google-drive-pdfs/sofwan_suduttenggara.pdf,15,38409,0.00,2026-03-25T20:17:49.854029
spiceislands,data/google-drive-pdfs/spiceislands.pdf,252,633329,0.00,2026-03-25T20:17:49.855849
sulawesi_symposium_program_,data/google-drive-pdfs/sulawesi_symposium_program_.pdf,12,40206,0.00,2026-03-25T20:17:49.856179
tlij7Y-ch17,data/google-drive-pdfs/tlij7Y-ch17.pdf,33,70176,0.00,2026-03-25T20:17:49.856548
transasiatic_exchange_of_glass_gold_and_bronze_analysis_of_finds_from_the_late_prehistoric_pangkung_paruk_site_bali,data/google-drive-pdfs/transasiatic_exchange_of_glass_gold_and_bronze_analysis_of_finds_from_the_late_prehistoric_pangkung_paruk_site_bali.pdf,17,41149,0.00,2026-03-25T20:17:49.856839
v34n1,data/google-drive-pdfs/v34n1.pdf,32,127490,0.00,2026-03-25T20:17:49.857426
women-and-boat-rock-art-maritime-route-in-the-southeast-8e7actwf,data/google-drive-pdfs/women-and-boat-rock-art-maritime-route-in-the-southeast-8e7actwf.pdf,6,22990,0.00,2026-03-25T20:17:49.857718
yYryD1-ch21,data/google-drive-pdfs/yYryD1-ch21.pdf,14,41170,0.00,2026-03-25T20:17:49.857973
zzzz-Innermost-2002-wholebookfromPLR160829,data/google-drive-pdfs/zzzz-Innermost-2002-wholebookfromPLR160829.pdf,226,484649,0.00,2026-03-25T20:17:49.859478
