site_name,latitude,longitude,coordinate_text,coordinate_system,source_file,page,evidence_snippet,reason
Gua Dudumunir Posisi Gua Dudumunir,,,,,data/google-drive-pdfs/149-164.pdf,5,"Naditira Widya Vol. 17 No.2 Oktober-Balai Arkeologi Provinsi Kalimantan Selatan p-ISSN: 1410-0932; e-ISSN: 2548-4125 153 HASIL DAN PEMBAHASAN Kondisi Gua Dudumunir Posisi Gua Dudumunir berada di pinggir laut di Pulau Arguni, yang secara administrative terletak di Kampung Arguni, Distrik Kokas, di Kabupaten Fakfak. Kabupaten Fakfak terletak di Provinsi Papua Barat, yaitu antara koordinat 2°25’--4°00’ L",repeated_words
Gua Dudumunir Gua Dudumunir,,,,,data/google-drive-pdfs/149-164.pdf,14,"dilakukan. Dengan demikian, belum dapat diketahui sejak kapan adanya aktivitas yang pernah berlangsung pada situs Gua Dudumunir, baik itu aktivitas hunian maupun aktivitas penguburan. Karakteristik Hunian Prsaejarah di Gua Dudumunir Gua Dudumunir sangat strategis dan potensial menyediakan data tentang gua yang digunakan sebagai tempat tinggal dan tempat melakukan aktivitas lainnya. Hal ini dapat dilihat dari posisi gua yang berada dekat dengan pantai yang bisa d",repeated_words
Gua Penguburan Penguburan,,,,,data/google-drive-pdfs/1683-Article Text-6076-1-10-20220825.pdf,11,"ntuk bergerak lebih mudah;c. tersedianya sumber makanan baik flora dan fauna; d. faktor -faktor yang memberikan elemen -elemen tambahan akan binatang laut atau binatang air (dekat pantai, danau, sungai, mata air). 3.3.2 Gua Penguburan Penguburan merupakan salah satu k egiatan sosial manusia dalam rangka memindahkan mayat dari lingkungan orang yang masih hidup. Kegiatan ini dilakukan secara berpola sesuai dengan pranata tertentu yang disepakati setiap kelompok a",repeated_words
Leang Leang,,,,,data/google-drive-pdfs/1969SSulawesiExped.pdf,4,"e Bantimurung waterfall, had been admired by visitors since, at least, the middle of the 18th century;6 a century later, Alfred Russel Wallace rhapsodised over its wealth of butterflies. The Sarasins too had visited the Leang Leang valley, but did not notice the cave deposits. The following year, 1937, saw major campaigns. Van Heekeren continued digging in the Maros karst sites and, under Callenfels’s overall direction, two cave sites further nort",repeated_words
Gua Yanglebi Situs Yanglebi,,,,,data/google-drive-pdfs/7. Jurnal Papua Vol 4 No 2 Nov 2012.pdf,19,Klementin Fairyo Tradisi Penguburan dalam Gua dan Ceruk pada Masyarakat Web 87 Papua TH. IV NO. 2 / November 2012 Gua Yanglebi Situs Yanglebi berada kurang lebih 100 m dari Situs Jigiyaw. Situs ini merupakan tebing karang yang didalamnya terbentuk ceruk dan gua. Letak situs ini berada di depan pos Yonif 141 Yuruf. Dilihat dari keadaan topografinya situs Yangl,repeated_words
Lhoong Pigip Cave Lhoong Pigip Cave,,,,,data/google-drive-pdfs/AcehCaves.pdf,13,"Cave Settlement Potential of Caves and Rock Shelters in Aceh Besar Regency 35 (Taufiqurrahman Setiawan) Lhoong Pigip Cave Lhoong Pigip Cave is a cave located in Meunasah Krueng Village, Lhoong Sub-district. This cave is located at 5.283418 0 North Latitude and 95.246025 0 East Longitude (UTM 46N 748934.68 Mt 584442.49 Mu). This cave is on the middle slope o",repeated_words
Site A Site,,,,,data/google-drive-pdfs/AmazonBay_Mailu_Papua.pdf,143,120 Site A Site B Difference Attribute 1 50 0 50 It 2 30 20 10 ft 3 20 50 30 If 4 0 30 30 1 ? 5 0 0 0 1QQ% 100% 12Q 200 - 120 = 80_ (Robinson index) Fig. 5.2 Calculation of the Robinson coefficient The above account applies to an analy,repeated_words
Site Province Site,,,,,"data/google-drive-pdfs/Asian Paleoanthropology From Africa to China and Beyond (Christopher J. Norton, David R. Braun (auth.) etc.) (z-lib.org).pdf",174,"rom Central-East China. Huanglongdong falls outside the range of this review, but is a good representative example of an ongoing multi-disciplinary research project conducted primarily by Chinese researchers # on Fig. 1 Site Province Site context Relative age Chronometric age Dating method Hominin fossils Early paleolithic artifacts Fauna Existing questions Reference 1 Renzidong Anhui Cave/Fissure Early Pleistocene 2.4–2.0 Ma or 1.7–0.8 Ma Biostratigraph",repeated_words
Liang Sara III Menuju Liang Sara I,,,,,data/google-drive-pdfs/Borneo_Menyingkap_gua_prasejarah.pdf,77,"ng dan Gua Tewet. q Vulva yang diukirkan di antara tiga buah dada bercat oker.TEBING Denah eksplorasi, skala perkiraan Ukiran rusa Tangan dilapisi kalsit Gerombolan keraVulva Tangan di stalaktit Tangan “ bertato” Menuju Liang Sara III Menuju Liang Sara I Gambar2 di plafon 75",repeated_words
Gua Harto GUA HARTO,,,,,data/google-drive-pdfs/Borneo_Menyingkap_gua_prasejarah.pdf,151,"ang dengan kaki. Sementara itu, siluet tubuh binatang lebih mirip babi hutan… Tampaknya kami berhadapan dengan binatang mitologis. s Di muka, dugaan rekonstruksi bagian luntur di kepala mamalia. Do ngeng Adi-sat wa dari Gua Harto GUA HARTO | ADISATWA DALAM WACANA SAMANISME? 149",repeated_words
Gua Jing Gua Jing,,,,,data/google-drive-pdfs/Broken painting in the prehistoric cave and.pdf,4,"2047 3 /;#23#23#23 /;#23#23#23 analysis was also carried out in the form of absorption and color reactions to find out whether the color came from blood or not. 3. Discussion 3.1 Prehistoric Cave in Maros Regency. 3.1.1 Gua Jing Gua Jing is located 04O 59 '27.2 ""LS and 119O 38' 58.3"" BT with a height of 48 meters above sea level. Located ± 12 m east of Balang Cave. Indeed, this cave is on a vertical cliff wall with a height of ± 8 m above the foot of th",repeated_words
Leang Leang Prehistoric Park,,,,,data/google-drive-pdfs/Broken painting in the prehistoric cave and.pdf,6,"032047 IOP Publishing doi:10.1088/1742-6596/1341/3/032047 5 /;#23#23#23 /;#23#23#23 Administratively Lambatorang Cave is located in Borongpao Village, Bungaeja Village, Bantimurung District. Located to the north of the Leang Leang Prehistoric Park with a distance of ± 1.3 km. Affordability of the location is easily reached by using a two-wheeled vehicle via a road that passes in front of Leang Leang Prehistoric Park and turns east into the path towards the Lambat",repeated_words
Liang Lemdubu Liang Lemdubu,,,,,data/google-drive-pdfs/Brumm_MoviusLine_Paleolithic.pdf,224,"The End of the Movius Line Chapter 9 9.7.5 Liang Lemdubu Liang Lemdubu is a limestone solution cave on the island of Pulau Kobroor, in the Am Islands of eastern Indonesia (O'Connor el al. 2002a, 2005a; Veth el al. 1998a, c; Figure 9.1). Two excavations were carried out at the cave in 1996",repeated_words
Liang Bua Cave. The,,,,,data/google-drive-pdfs/Brumm_MoviusLine_Paleolithic.pdf,434,"Western Flores Soa Basin Liang Bug Sectors V^hamber ^^ 1 B \chamber Limestone Conglomerate cliff 10 20 m Figure 9.2. Map of western Flores showing the location of Liang Bua Cave. The main plan view shows the floor plan of Liang Bua and the location of 2001-2004 excavation Sectors L ML IV, VII and XL The broken line at the cave entrance represents the dripline. A conglomerate deposit (shaded dark gre",likely_concatenated
Liang Bua Cave. The Wae Racang River,,,,,data/google-drive-pdfs/Brumm_MoviusLine_Paleolithic.pdf,435,"Figure 9.3. Liang Bua Cave, 2004 excavations. I, - id--' • ^ it • • • '4 Figure 9.4. Wae Racang River valley, western Flores, looking northeast from near the entrance to Liang Bua Cave. The Wae Racang River is not visible here, but runs in between the rice paddy fields and the small limestone hill in the foreground of the photograph.",likely_concatenated
Liang Bua Cave. Layers,,,,,data/google-drive-pdfs/Brumm_MoviusLine_Paleolithic.pdf,436,"PH s«dw»fmfv log Layw Figure 9.5. Stratigraphic profile for the Sector III excavations, Liang Bua Cave. Layers 1-2 are horizontally deposited clays and clayey silts. Layer 3 is a clay containing abundant rockfall, limestone fragments and flowstone. Layers 4-5 are clays with small lenses of black volcanic sand. Layer 6 is a fine",likely_concatenated
Liang Bua Cave. Layers,,,,,data/google-drive-pdfs/Brumm_MoviusLine_Paleolithic.pdf,437,"TTvmr S*RW I Location of former ctiannof I Location of fonner standing body of water Figure 9.6. Stratigraphic profile for the Sector IV excavations, Liang Bua Cave. Layers 1-2 are silty clays and clayey silts. Layer 3 is a 30 cm thick deposit of fluvial boulders and roof fall in a silty clay matrix. Layer 4 is a clayey silt with a thick layer of fire-reddened clay containing charcoal frag",likely_concatenated
Gua Liang Batu Ukir The Gua Liang,,,,,data/google-drive-pdfs/BukitBangkai_Mesolithic.pdf,2,"or is higher than the surrounding land, even above the cave space of Ceruk 12. This allows to avoid being attacked by wild animals and puddles, so it is suitable to be inhabited for a long time [3]. c) Morphology of the Gua Liang Batu Ukir The Gua Liang Batu Uki ris located on a karts hill in the form of a blunt tower located on the east side of Bukit Bangkai, about 300 m away. On the Bukit Batu Ukir there is the Gua Liang Batu Ukirin the form of shallow niches. The Gu",repeated_words
Gua Liang Jago Gua Liang Jago,,,,,data/google-drive-pdfs/BukitBangkai_Mesolithic.pdf,3,"rest. This allows the cave to be inhabited for a long time, because of the abundant availability of water and food resources in the form of huntings animals and herbs in swamp forest areas [3], [5]. e) Morphology of the Gua Liang Jago Gua Liang Jago is located at the foot of Bukit Jago in the form of a hill in the form of a blunt karst tower morphology and the Bukit Jago site located no rth of Bukit Bangkai, about 200 m away. Between Bukit Jago and Bukit Bangkai in",repeated_words
Leang Buida Leang Buida,,,,,data/google-drive-pdfs/DevelopmentofmarineandterrestrialresourceuseintheTalaudIslands.pdf,5,"we summarise the excavation results from Leang Buida and Bukit Tiwing, and discuss the possible development of their marine and terrestrial resource use and also inter-island networks during AD 1000–1800. Excavation of Leang Buida Leang Buida site is a limestone cave (leang) site along the western coast of Kabaruan Island (Figure 15.2). The cave mouth is about 8 m in length and 4 m in height, and the length of the inner area expands to about 10 m to form a t",repeated_words
Leang Sarru Rock Shelter Leang Sarru,,,,,"data/google-drive-pdfs/Emergence and Diversity of Modern Human Behavior in Paleolithic Asia (Yousuke Kaifu, Masami Izuho, Ted Goebel etc.) (z-lib.org).pdf",216,ssemblage from the Leang Sarru site in Talaud Islands and discusses maritime migration by early modern humans to the remote islands as well as temporal changes in lithic technology on an island eco - system in Wallacea. Leang Sarru Rock Shelter Leang Sarru is a small limestone rock shelter located about 400 m from the eastern coast of Salebabu Island of the Talaud group in northeastern Indonesia (figure 14.2). The Talaud Islands form a subgroup of the Sangihe and Talaud c,repeated_words
Gua Sosoraweru Gua Sosoraweru,,,,,data/google-drive-pdfs/Fakfak_Papua_Sosoraweru.pdf,6,"ang ada berupa cap tangan, bintang laut, manusia, bentuk geometris, topeng dan ikan. Lukisan berwarna merah dan kuning (Sukandar, 2012 : 15-16). Gambar 7. Tebing Fotamramo (dokumentasi Balai Arkeologi Jayapura) 3. Situs Gua Sosoraweru Gua Sosoraweru secara administratif terletak di Kampung Forir, Distrik Kokas, Kabupaten Fakfak. Letak gua berada di bagian timur Kampung Forir dengan koordinat 132 o37.796’ Bujur Timur dan 02o43.448’ Lintang Selatan. Untuk mencapai gu",repeated_words
Liang Bua Cave. This Flores,,,,,data/google-drive-pdfs/First Islanders Prehistory and Human Migration in Island Southeast Asia by Peter Bellwood (z-lib.org).pdf,48,"inds have come to light in Java, especially from another locality called Sangiran, and most recently from the island of Flores in Nusa Tenggara, where the year 2004 saw the publication of the tiny Homo floresiensis from Liang Bua Cave. This Flores discovery , together with the much older stone tools and small hominin remains published in 2016 from the Soa basin on Flores, has highlighted a surprisingly early hominin capacity to cross sea gaps more than 1 million",likely_concatenated
Liang Bua Cave. However,,,,,data/google-drive-pdfs/First Islanders Prehistory and Human Migration in Island Southeast Asia by Peter Bellwood (z-lib.org).pdf,76,"o ours. The Homo floresiensis Controversy When the species was announced it was reported to have survived until about 13 kya (Roberts et al. 2009), but the new dating discussed above places it b etween 100 and 60 kya in Liang Bua Cave. However, the original claim that a new and very archaic‐looking hominin lived at the same time as modern humans in Indonesia offered quite a challenge to the prevailing paradigm in human e volution. Human evolutionary studies o",likely_concatenated
Leang Burung Leang Sakapao,,,,,data/google-drive-pdfs/First Islanders Prehistory and Human Migration in Island Southeast Asia by Peter Bellwood (z-lib.org).pdf,147,"an backed tools and Maros points (Bulbeck 2004) Sumatran Hoabinhian middens and open sites Spirit Cave Gua Bintong Gua Bintong Kota TongkatKota Tongkat Seberang Perak Tingkayu, Madai, Hagop Bilo (Sabah) Leang Timpuseng, Leang Burung Leang Sakapao, Ulu Leang Leang Timpuseng, Leang Burung Leang Sakapao, Ulu Leang Paso Siti NafisahSiti Nafisah Uai BoboUai Bobo PHILIPPINES Tiangko PanjangTiangko Panjang 01 000 km at equator PACIFIC OCEAN SOUTH CHINA SEA INDIAN OCEAN",repeated_words
Leang Leang Timpuseng,,,,,data/google-drive-pdfs/First Islanders Prehistory and Human Migration in Island Southeast Asia by Peter Bellwood (z-lib.org).pdf,147,"(Bulbeck 2004) Sumatran Hoabinhian middens and open sites Spirit Cave Gua Bintong Gua Bintong Kota TongkatKota Tongkat Seberang Perak Tingkayu, Madai, Hagop Bilo (Sabah) Leang Timpuseng, Leang Burung Leang Sakapao, Ulu Leang Leang Timpuseng, Leang Burung Leang Sakapao, Ulu Leang Paso Siti NafisahSiti Nafisah Uai BoboUai Bobo PHILIPPINES Tiangko PanjangTiangko Panjang 01 000 km at equator PACIFIC OCEAN SOUTH CHINA SEA INDIAN OCEAN Balobok (Sulu) Togi Ndrawa",repeated_words
Gua Uhalie Pada Gua Uhalie,,,,,data/google-drive-pdfs/Gua Uhalie_Sulawesi_cave art.pdf,11,hat hubungan asosiasinya terhadap lukisan di panel lainnya maka teridentifikasi: tidak teridentifikasi memaknakan “target sebagai hewan buruan dan hewan buruan yang tertangkap. 3. Struktur Dalam (Deep structure) Lukisan Gua Uhalie Pada Gua Uhalie struktur luar ditemukan melalui analisis sintagmatis dan paradigmatis yang menjelaskan bahwa makna lukisan Gua Uhalie adalah hubungan tingkahlaku antara manusia dan binatang. Makna tersebut diwujudkan melalui panel 1 hi,repeated_words
Gua Mabitce Gua Mabitce,,,,,data/google-drive-pdfs/GuaMabitce_Hoabinh_Sumatra.pdf,3,"setiap lapisan. Pola tersebut diharapkan dapat menjawab permasalahan karakter budaya hunian di Gua Mabitce dan posisinya dalam konteks Sumatra bagian utara. 3. Hasil Penelitian dan Pembahasan 3.1 Temuan Hasil Ekskavasi Gua Mabitce Gua Mabitce merupakan sebuah gua yang berada pada wilayah Kars Leupung. Secara administratif, Gua Mabitce masuk dalam wilayah Gampong Deah Mamplam, Kecamatan Leupung, Kabupaten Aceh Besar yang terletak",repeated_words
Gua Pawon Gua Pawon,,,,,data/google-drive-pdfs/HomininDiversity_WestIndonesia.pdf,97,"it which produce some k arstic cavities, such as Gua Pawon in the Gunung Pawon near Gunung Masigit. Fig. 2. B.11. Geological map of Rajamandala ridge and pawon cave (Maryanto 2009; Sudjatmiko 2003). General condition of Gua Pawon Gua Pawon or Pawon cave is located in Gunung Masigit village, Cipatat District, Bandung Regency, West Java and around 25 Km far to the west of Bandung cit y. Geologically, this site is located on the western part of the Gunung Ma",repeated_words
Gua Braholo Braholo Cave,,,,,data/google-drive-pdfs/HomininDiversity_WestIndonesia.pdf,118,"89 2. GUA BRAHOLO General condition of Gua Braholo Braholo Cave is the richest prehistoric site in the western part of the Gunungsewu karst region, around 35 km far from other prehistoric sites of Punung (which most of them in the eastern part of Gunungsewu). Gua Braholo located Sem",repeated_words
Leang Alle Bireng Maros Leang Ambe,,,,,data/google-drive-pdfs/Laporan_Karst_Lengkap1.pdf,50,43 Tabel 8. Nama – nama gua yang terdapat di Kabupaten Maros dan Pangkep No. Nama Gua Kabupaten 1 Leang Alle Bireng Maros Leang Ambe pacco Maros Leang Balang Maros Leang Bara Jarang Maros Leang Bara Tedong 1 Maros Leang Baratedong Maros Leang Barugaya Maros Leang Batabase Maros Leang Batu Karope Maros Leang Batu Tianang Maros Leang Bembe Maros Leang,repeated_words
Leang Bembe Maros Leang Bettue,,,,,data/google-drive-pdfs/Laporan_Karst_Lengkap1.pdf,50,Bireng Maros Leang Ambe pacco Maros Leang Balang Maros Leang Bara Jarang Maros Leang Bara Tedong 1 Maros Leang Baratedong Maros Leang Barugaya Maros Leang Batabase Maros Leang Batu Karope Maros Leang Batu Tianang Maros Leang Bembe Maros Leang Bettue (lopi-lopi) Maros Leang Bettue (Tompobalang) Maros Leang Boddong Maros Leang Botto Maros Leang Bulu Batue Maros Leang Bulu kamase Maros Leang Bulu Sipong 1 Maros Leang Bulu Sipong 2 Maros Leang Bulu Sipong 3 Maros Leang,repeated_words
Leang Pangia Maros Leang Panampu,,,,,data/google-drive-pdfs/Laporan_Karst_Lengkap1.pdf,51,44 Leang Karrasa Maros Leang Lambatorang Maros Leang Lompoa Maros Leang Mandauseng Maros Leang Monroe Maros Leang Pabbuno Juku Maros Leang Paccepacce Maros Leang Pajae Maros Leang Pa’limukang Maros Leang Pangia Maros Leang Panampu 1 Maros Leang Panampu 2 Maros Leang Pasaung Maros Leang Pattae Maros Leang Pellenge Maros Leang Petta Kere Maros Leang Pucu Maros Leang Samongkeng 1 Maros Leang Samongkeng 2 Maros Leang Samongkeng 3 Maros Leang Samongke,repeated_words
Leang Ulu Leang Maros Leang Ulu Wae,,,,,data/google-drive-pdfs/Laporan_Karst_Lengkap1.pdf,51,aros Leang Samongkeng 3 Maros Leang Samongkeng 4 Maros Leang Sampeang Maros Leang Saripa Maros Leang Sengkae Maros Leang Tampuang Maros Leang Tanre Maros Leang Tengngae Maros Leang Timpuseng Maros Leang Tinggi Ada Maros Leang Ulu Leang Maros Leang Ulu Wae Maros Leang Wanuwae Maros Leang Alla Masigi Pangkep Leang Barayya Pangkep Leang Batanglamara Pangkep Leang Batta-Battae Pangkep,repeated_words
Leang Jarie Situs Leang Jarie,,,,,data/google-drive-pdfs/LeangJarie_Maros_Toalean.pdf,5,"terlihat pada sisinya (flake scars to core) untuk dikomparasi dengan kecenderungan panjang serpih utuh dan panjang setiap tipe alat serpih. 3. Hasil Penelitian dan Pembahasan 3.1 Stratigrafi dan Lapisan Budaya di Situs Leang Jarie Situs Leang Jarie adalah salah situs gua yang terletak di bagian tenggara kawasan karts Maros-Pangkep, tepatnya berada di Dusun Tadeang, Kelurahan Samanggi, Kecamatan Simbang, Kabupaten Maros, Sulawesi Selatan. Secara astronomis situs te",repeated_words
Leang Prehistoric Park,,,,,data/google-drive-pdfs/LeangRakkoe_Maros_Tolean.pdf,3,"this region. Site Description 1. Location and Current Use Leang Rakkoe ('dry cave' in the local Bugis language) is a rockshelter located in the densely vegetated Bomboro valley approximately 2.5 km north of the Leang - Leang Prehistoric Park ( Taman Prasejarah Leang-Leang), in the Maros -Pangkep tower karst region of South Sulawesi (Figure 1 ). Today a narrow walking path leads into the valley, through the rockshelter, and along the edge of the base of the",descriptive_phrase
Site Description The Padalin Caves,,,,,"data/google-drive-pdfs/Painted Sites, Sacred Sites_NHT.pdf",140,"ountainous region. Considered the foothills of the Himala- yas, the Shan Highlands stretch across this region from north to south, straddling China and Thailand and averaging around 1,000 metres above sea level. 7 .3 .2 Site Description The Padalin Caves are located at the very west of Shan state, in the Taunggyi district at the foothills of the Shan plateau. The caves are associated with myin k at mountain, located at a spur of the Nwalabo mountains, at an elevation of",descriptive_phrase
Gua Balang Balang Metti,,,,,data/google-drive-pdfs/Pattuku_BalangMettiCave_Sulawesi.pdf,2,90 | Identifikasi Rangka Manusia Situs Gua Balang Balang Metti……Fakhri Gua-gua hunian yang disurvei pada tahun 2014 sampai 2015 memperlihatkan banyaknya potensi gua hunian yang memiliki tinggalan berupa artefak batu dan sampah dapur berupa tumpukan kulit kerang di permukaan mulut g,repeated_words
Gua Balang Balang Metti,,,,,data/google-drive-pdfs/Pattuku_BalangMettiCave_Sulawesi.pdf,4,"92 | Identifikasi Rangka Manusia Situs Gua Balang Balang Metti……Fakhri untuk mencari data horisontal, yaitu mengamati kondisi lingkungan situs, termasuk batas -batas geografis yang mendukung eksistensi situs. Ekskavasi dilakukan bertujuan mencari data vertikal dalam tanah, termasuk",repeated_words
Gua Balang Balang Metti,,,,,data/google-drive-pdfs/Pattuku_BalangMettiCave_Sulawesi.pdf,6,94 | Identifikasi Rangka Manusia Situs Gua Balang Balang Metti……Fakhri 50°. Sebagian besar permukaan situs dipenuhi dengan boulder batu gamping berukuran besar dengan permukaan tanah yang kering. Boulder batuan gamping ini kemungkian besar adalah bagian dari dinding batuan gua yang,repeated_words
Gua Balang Balang Metti,,,,,data/google-drive-pdfs/Pattuku_BalangMettiCave_Sulawesi.pdf,8,"96 | Identifikasi Rangka Manusia Situs Gua Balang Balang Metti……Fakhri Adapun ba gian anatomi tubuh rangka yang sangat jelas untuk diidentifkasi sebagai rangka manusia adalah temuan rangka berupa susunan tulang lengan (humerus), tulang pengumpil dan tulang hasta ( radius-ulna) sert",repeated_words
Gua Balang Balang Metti,,,,,data/google-drive-pdfs/Pattuku_BalangMettiCave_Sulawesi.pdf,10,98 | Identifikasi Rangka Manusia Situs Gua Balang Balang Metti……Fakhri Gua Balang Metti merupakan penguburan primer dengan bentuk penguburan langsung yang banyak ditemukan di wilayah Asia Tenggara pada masa yang tidak lebih tua dari 3000 atau 3500 tahun yang lampau. Bila dilihat da,repeated_words
Gua Balang Balang Metti,,,,,data/google-drive-pdfs/Pattuku_BalangMettiCave_Sulawesi.pdf,12,"100 | Identifikasi Rangka Manusia Situs Gua Balang Balang Metti……Fakhri Lampiran Peta Situs Balang Metti dan situs lain yang ditemukan tersebar di Kawasan Bontocani, Kabupaten Bone, Sulawesi Selatan (Sumber: Peta SRTM, Bakosurtanal, dimodifikasi oleh Suryatman, Tahun 2016)",repeated_words
Gua Macan Sedayu Grobogan Grobogan,,,,,data/google-drive-pdfs/RembangKarstCaves.pdf,10,gan 4 Gua Joko Kendat Sumbersari Kayen Pati 5 Gua Lawa Watusong Sedayu Grobogan Grobogan 6 Gua Lawa Anggilanggil Dokoro Wirosari Grobogan 7 Gua Lawa Kedu Kedumulyo Sukolilo Pati 8 Gua Lawa Sering Sumbersari Kayen Pati 9 Gua Macan Sedayu Grobogan Grobogan 10 Gua Pawon Guo Kedungwinong Sukolilo Pati 11 Gua Pawon Salangamer Pakem Sukolilo Pati 12 Gua Pertapan Karangasem Wirosari Grobogan 13 Gua Plemburan Kedumulyo Sukolilo Pati 14 Gua Rodipo Prawata Sukolilo Pati 15 Gua Su,repeated_words
Gua Celeng Wegil Wegil,,,,,data/google-drive-pdfs/RembangKarstCaves.pdf,10,"2021 Tabel 8. Objek amatan yang tidak memenuhi kriteria kandungan data arkeologis. No Nama Gua Letak Administratif Keterangan 1 Gua Celeng Selokaton Kedungwinong, Sukolilo, Pati Data tidak ditemukan karena penambangan 2 Gua Celeng Wegil Wegil, Sukolilo, Pati Data tidak ditemukan karena penambangan 3 Gua Gajah Kemadohbatur, Tawangharjo, Grobogan Data tidak ditemukan karena pemanfaatan pariwisata 4 Gua Pacul Kedungwinong, Sukolilo, Pati Data tidak ditemukan 5",repeated_words
Leang Pattae The Leang Pattae,,,,,data/google-drive-pdfs/SSulawesiHolocene_Bulbeck.pdf,9,"sociated with three glazed monochrome sherds (AD thirteenth to fourteenth centuries?), a rusted iron fragment and two cross-mending, ornate potsherds, as well as the deposit's disturbance (Bulbeck et al. 2000: 84). 2.2. Leang Pattae The Leang Pattae sequence, as described by Van Heekeren (1972: 116-118), echoes Ulu Leang 1. Potsherds were restricted to the sub-surface deposit, while Maros points continued slightly deeper but not below the upper layer. Backed blades",repeated_words
Leang Kalidong Leang Kalidong,,,,,data/google-drive-pdfs/SSulawesi_EnrekangSites.pdf,2,"tifikasi, diklasifikasi, dan dikomparasi untuk menghasilkan kesimpulan. Kesimpulan yang dihasilkan merupakan jawaban dari permasalahan penelitian yang diajukan. HASIL DAN PEMBAHASAN Diversitas Budaya Prasejarah Enrekang Leang Kalidong Leang Kalidong terletak di pinggir tebing- tebing batu. Secara keseluruhan di situs ini terdapat dua tebing batu yang mempunyai temuan berupa fragmen tulang dan tengkorak",repeated_words
Gua Babi Situs Gua Babi,,,,,data/google-drive-pdfs/SaHuynh-KalanayPottery.pdf,25,"48 Universitas Indonesia dibingkai, serta tera tali dengan ga ris-garis paralel. Pengerjaan hiasan menggunakan tatap pelandas menghasilkan mo tif tekan berupa hiasan kisi-kisi (Arifin, 2006:155). 2.3.3.2. Gua Babi Situs Gua Babi terletak di Desa Randu, Kecamatan Muara Uya, Kabupaten Tabalong, Kalimantan Selatan. Situs berlokasi di wilayah pegunungan tepatnya di kaki sebelah barat Pegunungan Meratus. Si tus ini pertama kali di ekskavasi pada tah",repeated_words
Gua Hatu Patola Hatu Patola,,,,,data/google-drive-pdfs/Seram2012.pdf,24,ga Waensela 9651773 553003 1599 15 5 Gua Empat Waensela 9651544 553132 1697 15 5 Gua Lima wai huhu 9650469 553603 1969 15 5 Gua Labah-labah wai huhu 9650409 553584 1989 15 21 -8 Gua top Binaiya 9649090 551555 2796 30 12 Gua Hatu Patola Hatu Patola 9684232 453009 248 50 5 Gua Toke Hatu Kasieh 9683982 449306 90 30 80 -30 Gua Puhon Hatu Kasieh 9684038 449143 62 30 10 Gua Tana Hatu Kasieh 9684045 449100 63 30 250 -10 Gua Sapalewa (spring) Hatu Toisiwa 9677900 440066,repeated_words
Leang Leang,,,,,data/google-drive-pdfs/SongKeplek_Java_Holocene.pdf,2,"nous allons tenter d'en présenter les principaux jalons. Le Pleistocene supérieur final (30 000-10 000 ans B.P.) La grotte de Leang Burung 2 (fig. 1), située dans la vallée de Maros au Nord de Ujung Pandang (district de Leang Leang) à Sulawesi sud-ouest, est pour l'heure le seul site attestant de traces d'occupations humaines pour la période du Pleistocene supérieur final dans l'archipel. Il demeure pour cette époque le site le plus fiable d'un po",repeated_words
Ceruk Lakan Taghu Ceruk La Podo Gua,,,,,data/google-drive-pdfs/StencilsBoatsMunaIsland.pdf,5,"he Muna Island karsts, including Kosasih (1987, 1989, 1995) and BCPBM (2015). Gua Metanduno Gua KaboriCeruk Ida Malangi Ceruk Pinda La Kolumbu Nsarofa 1Nsarofa 2 Lakuba Tangga Ara Gua Toko Gua Wa Bose Lasobo Gua Pominsa Ceruk Lakan Taghu Ceruk La Podo Gua Sugi Patani 0 1 km Rock art sites described in this paper Other nearby rock art sites Roads Figure 6.2: Rock art sites in the study area. Source: Adapted from Oktaviana (2016). 1 See Marschall and Wäﬂer (2012) for site",repeated_words
Gua Metanduno Gua Metanduno,,,,,data/google-drive-pdfs/StencilsBoatsMunaIsland.pdf,8,"6. Hand stencils and boats in the painted rock art of the karst region of Muna Island, Southeast Sulawesi 67 terra australis 48 Gua Metanduno Gua Metanduno is a prime tourist destination on Muna Island and is easily reached along the tourist route to the site. Its geographic coordinates are 4°53’54.5”S and 122°39’33.7”E. The name of the site in the Muna language means to c",repeated_words
Gua Kabori Gua Kabori,,,,,data/google-drive-pdfs/StencilsBoatsMunaIsland.pdf,11,"70 The Archaeology of Sulawesi terra australis 48 Gua Kabori Gua Kabori is located 25 m southeast from the Gua Metanduno site. The cave is dome-shaped with ledges along the wall. Its mouth faces west, and there is an ongoing process of stalactite and stalagmite formation. The term kabori tr",repeated_words
Ceruk Lakan Taghu Ceruk Lakan Taghu,,,,,data/google-drive-pdfs/StencilsBoatsMunaIsland.pdf,11,"d stencil at around 3 m height on the right side of the cave wall, with three fingers remaining (Figure 6.12). Figure 6.12: Three-fingered hand stencil at right wall, Gua Kabori. Source: Adhi Agus Oktaviana. A new site: Ceruk Lakan Taghu Ceruk Lakan Taghu (Figure 6.13) is located in the same part of the Muna karsts as Ceruk Sugi Patani and Gua Pominsa (Figure 6.2), at 4°54’35.9”S 122°40’12.6”E. This rockshelter was discovered by the author in 2015 after faded paintings w",repeated_words
Liang Bua Soa Basin So’a Basin,,,,,data/google-drive-pdfs/The_Magnetostratigraphy_and_the_Age_of_Soa_Basin_.pdf,2,Kelilambo Kelindora Inirie Bajawa Ambulobo Boawae Keli Esu So’a assiS eA 0 km 10 20 Sawu Sea W elas Caldera < < 1 2 < Excavation/T rench INDONESIA N Flor es 0 100 km 19 120 122 124 10 8Komodo Ruteng Bajawa Ende Maumere Liang Bua Soa Basin So’a Basin < 3 < 4 o 8 32’58” S o 8 58’56” S o 120 53’51” E o 121 22’36” E o 120 53’51” E o 121 22’36” E o 8 32’58” S o 8 58’56” S,repeated_words
Leang Karassa' Leang Burung,,,,,data/google-drive-pdfs/Toalean_SSul.pdf,8,"d • Volcanic • Other L&ang Burung 1 Pammangkulang Batua • No Cortex m 1-25% Cortex • 25-50% Cortex • >50% Cortex L&ang Karassa' Leang Burung 1 Pammangkulang Batua • Geological Cortex a Secondary Cortex • Riverine Cortex Leang Karassa' Leang Burung 1 • Flat Platforms ^ Faceted Platforms • Crushed • Cortical Leang Karassa' Leang Burung 1 Pammangkulang Batua • Feathers Steps • Hinges Leang Karassa' Snaps Pammangkulang Batua Figure 5. Raw material, cortex characters",repeated_words
Leang Karassa Leang Burung,,,,,data/google-drive-pdfs/Toalean_SSul.pdf,8,"cases, and absent from only the remaining 4%. This prevalence equally character- Table 1. Means, standard deviations and t-test results from the three Toalean sites. Number Length Breadth Thickness Single-platform cores Leang Karassa Leang Burung Pammangkulang Batua 16 151 15 32.7+11.6' 30.7 ± 9.3^ 23.3 + 7.3 29.9 ±10.0"" 20.5 + 7.7' 15.7 ±6.8 11.0 ±3.5"" 9.1 ±4.6 10.9 ±3.5 Multi-platform cores Leang Karassa Leang Burung 1 Pammangkulang Batua 40 175 17 31.8± 13.2'",repeated_words
Leang Leang,,,,,data/google-drive-pdfs/UluLeang_Maros.pdf,5,"116 of Pasar Pakalu (where an unsealed road leaves the Maros to Camba road, crossing the Maros canal towards Kampung Leang Leang) and about 500 m. to the east of that road from which they are visible. The caves occur within the massive limestone formations (Plate 1) of Eocene-Miocene age, which skirt the western edge of the Western Divide mountai",repeated_words
Leang Leang,,,,,data/google-drive-pdfs/UluLeang_Maros.pdf,15,"taining fossils. The immediate source or quarry for these cherts is not known. From the appearance of some of the cores, stream-rolled pebbles provided the raw material for the knapper, but nearby streams, including the Leang Leang river seem to lack any similar material, and the local villagers could offer no suggestions ; rather they denied that batu api (any stone suitable for strike-a-lights) could be obtained locally. Dr vnn Heekeren, however",repeated_words
Leang Leang,,,,,data/google-drive-pdfs/UluLeang_Maros.pdf,44,"exhausted sawah soils, and digging for a variety of bedded limestone batu Hongkong) which can be found buried under occupation deposits in the caves. Batu Hongkong is the raw material for a local village industry in the Leang Leang valley. The stone is crushed to powder by pounding with hand mauls, usually by women and children working under the pile houses and then sold in Maros or Ujung Pandang to make lime and whitewash. These two activities af",repeated_words
Leang Tedongnge Leang Tedongnge,,,,,data/google-drive-pdfs/Uncovering the chemistry of color change in rock art in Leang Tedongnge.pdf,2,"the environment where the rock art is located. The research employed several laboratory-based characterization techniques, i.e., optical mi - croscopy, XRF, SEM-EDS, and Raman spectroscopy. 2. Experimental section 2.1. Leang Tedongnge Leang Tedongnge is a limestone cave located in Kampung Biku, a small village in the secluded karst valley on the border of the Maros and Pangkep districts of South Sulawesi ( Fig. 1 ). The cave can be reached by a roughly 20-minute mot",repeated_words
Leang Prehistoric Park,,,,,data/google-drive-pdfs/Uncovering the chemistry of color change in rock art in Leang Tedongnge.pdf,2,"d in Kampung Biku, a small village in the secluded karst valley on the border of the Maros and Pangkep districts of South Sulawesi ( Fig. 1 ). The cave can be reached by a roughly 20-minute motorbike ride from the Leang-Leang Prehistoric Park to the nearest village of Bungaeja, Balocci District, followed by a 2 h hike ( Fig. 2 a ). Spatially, this northeast-facing cave has two chambers. The first chamber is directly connected with the mouth cave ( Fig. 2 b )",descriptive_phrase
Liang Toge Because Liang Toge,,,,,data/google-drive-pdfs/WajakSkulls.pdf,98,"les 69-70), indistinct parietal tubera (right side; Table 87), distinct occipital torus (Table 90), trace of a flattened lower orbital border (left side; Table 94), phaenozygy (Table 95), and low cheek bones (Table 97). Liang Toge Because Liang Toge is the most complete prehistoric Indonesian skull with a more reliable diagnosis as a female (Table 19), it is interesting to compare this skull with the series of recent female skulls (Tables 24-110). However, there is",repeated_words
Leang Leang,,,,,data/google-drive-pdfs/arch_0044-8613_1976_num_11_1_1271.pdf,5,"116 of Pasar Pakalu (where an unsealed road leaves the Maros to Camba road, crossing the Maros canal towards Kampung Leang Leang) and about 500 m. to the east of that road from which they are visible. The caves occur within the massive limestone formations (Plate 1) of Eocene-Miocene age, which skirt the western edge of the Western Divide mountai",repeated_words
Leang Leang,,,,,data/google-drive-pdfs/arch_0044-8613_1976_num_11_1_1271.pdf,15,"taining fossils. The immediate source or quarry for these cherts is not known. From the appearance of some of the cores, stream-rolled pebbles provided the raw material for the knapper, but nearby streams, including the Leang Leang river seem to lack any similar material, and the local villagers could offer no suggestions ; rather they denied that batu api (any stone suitable for strike-a-lights) could be obtained locally. Dr vnn Heekeren, however",repeated_words
Leang Leang,,,,,data/google-drive-pdfs/arch_0044-8613_1976_num_11_1_1271.pdf,44,"exhausted sawah soils, and digging for a variety of bedded limestone batu Hongkong) which can be found buried under occupation deposits in the caves. Batu Hongkong is the raw material for a local village industry in the Leang Leang valley. The stone is crushed to powder by pounding with hand mauls, usually by women and children working under the pile houses and then sold in Maros or Ujung Pandang to make lime and whitewash. These two activities af",repeated_words
Leang Leang,,,,,data/google-drive-pdfs/archaeologysulawesi.pdf,31,"e Bantimurung waterfall, had been admired by visitors since, at least, the middle of the 18th century;6 a century later, Alfred Russel Wallace rhapsodised over its wealth of butterflies. The Sarasins too had visited the Leang Leang valley, but did not notice the cave deposits. The following year, 1937, saw major campaigns. Van Heekeren continued digging in the Maros karst sites and, under Callenfels’s overall direction, two cave sites further nort",repeated_words
Ceruk Lakan Taghu Ceruk La Podo Gua,,,,,data/google-drive-pdfs/archaeologysulawesi.pdf,84,"he Muna Island karsts, including Kosasih (1987, 1989, 1995) and BCPBM (2015). Gua Metanduno Gua KaboriCeruk Ida Malangi Ceruk Pinda La Kolumbu Nsarofa 1Nsarofa 2 Lakuba Tangga Ara Gua Toko Gua Wa Bose Lasobo Gua Pominsa Ceruk Lakan Taghu Ceruk La Podo Gua Sugi Patani 0 1 km Rock art sites described in this paper Other nearby rock art sites Roads Figure 6.2: Rock art sites in the study area. Source: Adapted from Oktaviana (2016). 1 See Marschall and Wäﬂer (2012) for site",repeated_words
Gua Metanduno Gua Metanduno,,,,,data/google-drive-pdfs/archaeologysulawesi.pdf,87,"6. Hand stencils and boats in the painted rock art of the karst region of Muna Island, Southeast Sulawesi 67 terra australis 48 Gua Metanduno Gua Metanduno is a prime tourist destination on Muna Island and is easily reached along the tourist route to the site. Its geographic coordinates are 4°53’54.5”S and 122°39’33.7”E. The name of the site in the Muna language means to c",repeated_words
Gua Kabori Gua Kabori,,,,,data/google-drive-pdfs/archaeologysulawesi.pdf,90,"70 The Archaeology of Sulawesi terra australis 48 Gua Kabori Gua Kabori is located 25 m southeast from the Gua Metanduno site. The cave is dome-shaped with ledges along the wall. Its mouth faces west, and there is an ongoing process of stalactite and stalagmite formation. The term kabori tr",repeated_words
Ceruk Lakan Taghu Ceruk Lakan Taghu,,,,,data/google-drive-pdfs/archaeologysulawesi.pdf,90,"d stencil at around 3 m height on the right side of the cave wall, with three fingers remaining (Figure 6.12). Figure 6.12: Three-fingered hand stencil at right wall, Gua Kabori. Source: Adhi Agus Oktaviana. A new site: Ceruk Lakan Taghu Ceruk Lakan Taghu (Figure 6.13) is located in the same part of the Muna karsts as Ceruk Sugi Patani and Gua Pominsa (Figure 6.2), at 4°54’35.9”S 122°40’12.6”E. This rockshelter was discovered by the author in 2015 after faded paintings w",repeated_words
Gua Sambangoala Gua Sambangoala,,,,,data/google-drive-pdfs/archaeologysulawesi.pdf,174,"154 The Archaeology of Sulawesi terra australis 48 Gua Sambangoala Gua Sambangoala is a rockshelter in Walandawe village, Routa Subdistrict, North Konawe District, Southeast Sulawesi Province. It lies under an overhang in a karst cliff that is long and continuous, and clearly visible from the approach",repeated_words
Leang Buida Leang Buida,,,,,data/google-drive-pdfs/archaeologysulawesi.pdf,266,"we summarise the excavation results from Leang Buida and Bukit Tiwing, and discuss the possible development of their marine and terrestrial resource use and also inter-island networks during AD 1000–1800. Excavation of Leang Buida Leang Buida site is a limestone cave (leang) site along the western coast of Kabaruan Island (Figure 15.2). The cave mouth is about 8 m in length and 4 m in height, and the length of the inner area expands to about 10 m to form a t",repeated_words
Gua Patta Kere Gua Petta Kere,,,,,data/google-drive-pdfs/document (2).pdf,23,"19 Pada penelitian ini, tidak dilakukan pada seluruh gua yang disebutkan di atas tetapi hanya beberapa gua yang dijadikan sampel obyek penelitian, yang terdiri dari a. Gua Patta Kere Gua Petta Kere terletak di bagian belakang Taman Prasejarah Leang-leang. Untuk menuju mulut gua harus menaiki tangga yang terbuat dari semen dan sebagian besi. Lingkungan sekitar gua adalah bukit gamping yang ditumbuhi berbagai macam",repeated_words
Gua Burung Gua Burung,,,,,data/google-drive-pdfs/document (2).pdf,25,"uraikan sebagai berikut : Nama Gua Suhu Udara ( º C) Kelembaban Udara ( % ) Kelembaban Tanah ( % ) Kelembaban Dinding (SP) Suhu Per- mukaan Dinding ( º C) PH Tanah PH Air Pattae E 27 71 80 6, 8, 6, 9, 6 23 dan 27 7 - c. Gua Burung Gua Burung terletak di sisi kanan jalan Desa Kalabbirang, sekitar 4 km di sebelah utara ibukota Kecamatan Bantimurung. Mulut gua berada pada sisi lereng dengan ketinggian 7 meter dari permukaan tanah. Gua Burung merupakan gua jeni",repeated_words
Gua Jing Gua Jing,,,,,data/google-drive-pdfs/document (2).pdf,26,"agian depan gua sekitar 50 meter terdapat jalan aspal. Di kanan kiri jalan terdapat pemukiman penduduk, di bagian belakang terdapat hamparan sawah. Di sisi kanan sekitar 30 meter dari gua terdapat sungai Leang-leang. d. Gua Jing Gua Jing terletak di sisi kiri jalan De sa Kalabbirang, kurang lebih 1 km dari Taman Prasejarah Leang-leang. Posisi mulut gua berada pada sisi lereng dengan ketinggian sekitar 30 meter dari permukaan tanah. Gua Jin memiliki rong",repeated_words
Gua Karassa Gua Karassa,,,,,data/google-drive-pdfs/document (2).pdf,28,"isa-sisa sampah dapur berupa kulit kerang yang diidentifikasi berasal dari kelas gastropoda dan pelecypoda. Sisa-sisa makanan jenis ini ditemukan bersama dengan alat-alat batu yang berserakan di bagian pelataran gua. f. Gua Karassa Gua Karassa terletak di pinggir jalan poros Maros-Bone, di Kampung Taddeang Desa Samanggi Kecamatan Simbang ± 19 km sebelah timur Kota Maros atau Gambar 2.9 Bagian depan gua Barugayya Gambar 2.10. Lukisan di dinding gua Barugayya",repeated_words
Gua Sampeang Gua Sampeang,,,,,data/google-drive-pdfs/document (2).pdf,29,"g gua dipenuhi dengan coretan-coretan (vandalis), sampah-sampah modern yang berserakan serta bekas-bekas pembakaran di mana-mana. Ancaman lain adalah jalan raya yang menempati area situs bahkan masuk dalam ruang gua. g. Gua Sampeang Gua Sampeang terletak di sisi kanan, sekitar 500 meter ke arah timur dari jalan Desa Kalabbirang. Jarak Gua Sampeang dari Taman Prasejarah Leang-leang sekitar 3 km ke arah selatan. Posisi mulut gua berada pada sisi lereng dengan ket",repeated_words
Gua Wanuwae Gua Wanuwae,,,,,data/google-drive-pdfs/document (2).pdf,31,"gua ini berupa serpih dan bilah, fragmen tembikar polos, cangkang moluska, dan lukisan tangan sebanyak 15 buah. Sepuluh buah di antara lukisan tersebut dalam konsisi rusak dan sulit dikenali (Tim Kaisar Unhas, 2003). i. Gua Wanuwae Gua Wanuwae berada di bagian tenggara lintasan kaki Bukit Bomboro. Secara administratif berada di dalam Kampung Panaikang, Desa Bungaeja Kecamatan Bantrimurung. Berjarak kurang lebih 800 meter sebelah utara Taman Prasejarah Leang L",repeated_words
Leang Leang,,,,,data/google-drive-pdfs/document (2).pdf,31,"Wanuwae berada di bagian tenggara lintasan kaki Bukit Bomboro. Secara administratif berada di dalam Kampung Panaikang, Desa Bungaeja Kecamatan Bantrimurung. Berjarak kurang lebih 800 meter sebelah utara Taman Prasejarah Leang Leang pada posisi astrnomik S 04O 57’ 58,2” E119O 40’ 54,3”. Gua Wanuwae berada pada ketinggian ± 50 m dpl, sedang tingginya dari permukaan tanah datar di depannya ± 8 meter. Distribusi lahan di depan gua dirunut sebagai pela",repeated_words
Gua Sakapao Gua Sakapao,,,,,data/google-drive-pdfs/document (2).pdf,37,"Bita Balocci Baru 04º 48’ 20’’ LS dan 119º 38’ 57” BT Pada penelitian ini, tidak dilakukan pada seluruh gua yang disebutkan di atas tetapi hanya beberapa gua yang dijadikan sampel obyek penelitian, yang terdiri dari a. Gua Sakapao Gua Sakapao terletak pada lereng gugusan pegunungan kapur di Belae. Gua Sakapao merupakan gua yang cukup besar dan luas, dengan panjang 20 meter, lebar rongga gua 16 meter, dan lebar mulut gua 8 meter. Di sebelah barat terdapat seb",repeated_words
Gua Kajuara Gua Kajuara,,,,,data/google-drive-pdfs/document (2).pdf,38,"uhu Udara ( º C) Kelembaban Udara ( % ) Kelembaban Tanah ( % ) Kelembaban Dinding (SP) Suhu Per- mukaan Dinding ( º C) PH Tanah PH Air Sakapao - Dalam - Luar 25 27 92 63 40 5 9, 8, 22, 25 8, 9, 12, 15 23 24 6,9 7 6 6 b. Gua Kajuara Gua Kajuara memiliki mulut gua yang berada pada sisi lereng dengan ketinggian 10 meter dari permukaan laut. Penamaan ”Kajuara” mengacu pada sebutan masyarakat setempat terhadap pohon beringin yang tumbuh di dekat gua tersebut. Gamb",repeated_words
Gua Kassi Gua Kassi,,,,,data/google-drive-pdfs/document (2).pdf,39,"sa kerang, dan lukisan dinding. Lukisan yang ditemukan terletak pada dinding mulut dan langit-langit gua, berupa lukisan cap tangan berwarna merah dan lukisan manusia berwarna hitam (Mulyadi, 2004 dalam Linda, 2005). c. Gua Kassi Gua Kassi menghadap ke arah barat daya dan berada 15 meter dari permukaan laut. Tinggi gua dari permukaan tanah di depannya berkisar antara 0 sampai 5 meter. Distribusi lahan di depan gua dirunut sebagai pelataran seluas 0,75 ha",repeated_words
Gua Lompoa Gua Lompoa,,,,,data/google-drive-pdfs/document (2).pdf,40,"hitam dan beberapa ganbar berwarna hitam yang tidak teridenfikasi wujudnya. Lukisan terbesar di gua ini berukuran 17 Cm. Lukisan ini diletakkan pada langit-langit dan dinding sebelah kanan serta dinding sebelah kiri. d. Gua Lompoa Gua Lompoa berada 20 meter di atas permukaan laut dengan arah hadap selatan. Tinggi gua dari tanah yang ada di depannya berkisar antara 0 sampai 5 meter. Distribusi lahan yang terdapat di depan gua terdiri atas pelataran seluas 0,",repeated_words
Gua Pattennung Gua Pattennung,,,,,data/google-drive-pdfs/document (2).pdf,42,38 e. Gua Pattennung Gua Pattennung menghadap ke arah tenggara dan berada 13 meter di atas permukaan laut. Tinggi gua dari permukaan tanah di depannya berkisar antara 0 sampai 2 meter. Distribusi lahan di depan gua tidak banyak berbeda dengan gua Leang ka,repeated_words
Gua Bulu Sumi Gua Bulu Sumi,,,,,data/google-drive-pdfs/document (2).pdf,43,39 e. Gua Bulu Sumi Gua Bulu Sumi berada dalam kompleks Taman Prasejarah Sumpang Bitta. Gua ini terletak sekitar 500 meter dari jalan raya poros Pangkep – Makasar. Gua Bulu Sumi terletak di kaki perbukitan kapur dengan kemiringan sekitar 30º dan berada,repeated_words
Gua Sumpang Bita Gua Sumpang Bita,,,,,data/google-drive-pdfs/document (2).pdf,44,40 f. Gua Sumpang Bita Gua Sumpang Bita juga terletak di dalam Taman Prasejarah Sumpang Bita. Gua in terletak sekitar 150 meter di sebelah barat Gua Bulu Sumi. Gua Sumpang Bita terletak di kaki perbukitan kapur dengan kemiringan sekitar 30º dan berada pada ke,repeated_words
Liang Bua Liang Bua Liang Bua Figure,,,,,data/google-drive-pdfs/nature08844.pdf,4,"piens West Flores Paradoxurus hermaphroditus Cave sediments Cave sediments Volcanic eruptions, 900 kyr Volcanic Volcanic eruptions, 17–11 kyr Hiatus Hiatus Hiatus Volcanic breccia Cervus timorensis 650 Boa Lesa Gero Dog Liang Bua Liang Bua Liang Bua Figure 5 | The faunal sequence on Flores. The sequence is characterized by long-term phylogenetic continuity, but includes two major faunal turnovers. The first, associated with evidence for a major volcanic eruption ,900 kyr",repeated_words
Leang Panninge Leang Panninge,,,,,data/google-drive-pdfs/s41586-021-03823-6.pdf,3,"0.5 Migration weight Onge Tianyuan 0% 10% 20% 30% 40% 50% 60% 70% 80% 90% 100% Papuan East Asian South Asian P = 0.5007 P = 0.1265 Leang Panninge 57 11 48 0 7 3% 30 97% 13 49% 5 51% 32 12 57 53 18 32 154 1434 129 a c b Leang Panninge Leang Panninge 1 2 Mbuti Denisovan Sunghir OngeQihe PapuanAustralian Tianyuan Fig. 3 | Admixture signals detected in the Leang Panninge genome. a, Admixture proportions modelling Leang Panninge as a combination of Papuan49 and Tianyua",repeated_words
